second,visitors_per_second,unique_computers,data_sent,is_attack
0,115,50,575000,0
1,96,53,480000,0
2,95,45,475000,0
3,118,54,590000,0
4,94,56,470000,0
5,102,51,510000,0
6,97,54,485000,0
7,105,59,525000,0
8,109,56,545000,0
9,80,57,400000,0
10,96,43,480000,0
11,88,53,440000,0
12,108,45,540000,0
13,77,45,385000,0
14,86,44,430000,0
15,100,43,500000,0
16,78,48,390000,0
17,106,44,530000,0
18,100,49,500000,0
19,91,43,455000,0
20,104,40,520000,0
21,103,50,515000,0
22,104,57,520000,0
23,94,42,470000,0
24,99,54,495000,0
25,107,56,535000,0
26,81,40,405000,0
27,78,52,390000,0
28,96,51,480000,0
29,97,42,485000,0
30,83,47,415000,0
31,92,52,460000,0
32,115,55,575000,0
33,96,42,480000,0
34,94,58,470000,0
35,102,57,510000,0
36,104,42,520000,0
37,81,58,405000,0
38,94,41,470000,0
39,97,40,485000,0
40,99,54,495000,0
41,91,53,455000,0
42,100,45,500000,0
43,102,45,510000,0
44,102,55,510000,0
45,114,50,570000,0
46,98,45,490000,0
47,94,54,470000,0
48,91,40,455000,0
49,98,51,490000,0
50,103,54,515000,0
51,100,55,500000,0
52,95,47,475000,0
53,88,44,440000,0
54,98,50,490000,0
55,112,48,560000,0
56,91,43,455000,0
57,115,45,575000,0
58,117,40,585000,0
59,102,46,510000,0
60,103,46,515000,0
61,109,55,545000,0
62,95,46,475000,0
63,84,40,420000,0
64,112,58,560000,0
65,111,55,555000,0
66,92,49,460000,0
67,84,51,420000,0
68,103,48,515000,0
69,97,59,485000,0
70,99,44,495000,0
71,103,47,515000,0
72,102,48,510000,0
73,98,50,490000,0
74,101,40,505000,0
75,91,55,455000,0
76,106,47,530000,0
77,105,46,525000,0
78,107,42,535000,0
79,88,58,440000,0
80,94,46,470000,0
81,110,56,550000,0
82,93,47,465000,0
83,128,54,640000,0
84,106,57,530000,0
85,99,44,495000,0
86,103,59,515000,0
87,109,43,545000,0
88,104,45,520000,0
89,107,44,535000,0
90,107,42,535000,0
91,101,59,505000,0
92,88,43,440000,0
93,97,45,485000,0
94,97,47,485000,0
95,88,54,440000,0
96,89,44,445000,0
97,105,46,525000,0
98,98,52,490000,0
99,107,55,535000,0
100,90,43,450000,0
101,101,47,505000,0
102,95,45,475000,0
103,106,55,530000,0
104,97,41,485000,0
105,85,49,425000,0
106,106,44,530000,0
107,92,52,460000,0
108,96,47,480000,0
109,98,43,490000,0
110,101,58,505000,0
111,121,42,605000,0
112,109,49,545000,0
113,113,40,565000,0
114,99,54,495000,0
115,95,49,475000,0
116,101,40,505000,0
117,85,48,425000,0
118,116,43,580000,0
119,112,49,560000,0
120,112,51,560000,0
121,111,48,555000,0
122,90,51,450000,0
123,95,41,475000,0
124,104,41,520000,0
125,81,53,405000,0
126,117,58,585000,0
127,106,44,530000,0
128,95,44,475000,0
129,112,54,560000,0
130,131,56,655000,0
131,102,52,510000,0
132,100,50,500000,0
133,85,58,425000,0
134,101,58,505000,0
135,107,42,535000,0
136,117,41,585000,0
137,107,57,535000,0
138,96,43,480000,0
139,112,43,560000,0
140,75,44,375000,0
141,101,44,505000,0
142,96,54,480000,0
143,105,41,525000,0
144,108,42,540000,0
145,95,52,475000,0
146,104,42,520000,0
147,102,54,510000,0
148,86,41,430000,0
149,102,57,510000,0
150,93,47,465000,0
151,112,47,560000,0
152,85,56,425000,0
153,93,51,465000,0
154,108,52,540000,0
155,106,53,530000,0
156,105,46,525000,0
157,90,52,450000,0
158,96,43,480000,0
159,106,55,530000,0
160,115,57,575000,0
161,102,40,510000,0
162,99,43,495000,0
163,82,54,410000,0
164,93,52,465000,0
165,95,47,475000,0
166,87,50,435000,0
167,122,48,610000,0
168,88,46,440000,0
169,107,58,535000,0
170,111,52,555000,0
171,96,50,480000,0
172,111,40,555000,0
173,102,51,510000,0
174,89,51,445000,0
175,99,54,495000,0
176,98,49,490000,0
177,97,48,485000,0
178,98,56,490000,0
179,110,47,550000,0
180,101,45,505000,0
181,116,48,580000,0
182,99,53,495000,0
183,106,45,530000,0
184,96,49,480000,0
185,118,54,590000,0
186,133,40,665000,0
187,79,52,395000,0
188,105,41,525000,0
189,102,59,510000,0
190,96,57,480000,0
191,110,45,550000,0
192,96,45,480000,0
193,90,53,450000,0
194,84,57,420000,0
195,108,51,540000,0
196,127,47,635000,0
197,120,54,600000,0
198,100,48,500000,0
199,115,44,575000,0
200,102,59,510000,0
201,98,42,490000,0
202,88,59,440000,0
203,100,43,500000,0
204,85,57,425000,0
205,95,45,475000,0
206,105,45,525000,0
207,100,59,500000,0
208,100,51,500000,0
209,92,43,460000,0
210,111,53,555000,0
211,101,50,505000,0
212,100,52,500000,0
213,85,47,425000,0
214,92,50,460000,0
215,105,46,525000,0
216,81,54,405000,0
217,92,49,460000,0
218,104,47,520000,0
219,117,41,585000,0
220,100,50,500000,0
221,113,45,565000,0
222,91,41,455000,0
223,95,58,475000,0
224,95,57,475000,0
225,97,43,485000,0
226,99,59,495000,0
227,96,41,480000,0
228,77,48,385000,0
229,87,56,435000,0
230,92,54,460000,0
231,92,40,460000,0
232,107,44,535000,0
233,94,54,470000,0
234,105,58,525000,0
235,113,56,565000,0
236,96,50,480000,0
237,92,52,460000,0
238,90,42,450000,0
239,86,49,430000,0
240,99,55,495000,0
241,90,56,450000,0
242,86,57,430000,0
243,95,52,475000,0
244,90,40,450000,0
245,100,55,500000,0
246,113,53,565000,0
247,104,42,520000,0
248,115,51,575000,0
249,85,40,425000,0
250,78,56,390000,0
251,106,49,530000,0
252,103,57,515000,0
253,92,43,460000,0
254,82,47,410000,0
255,113,41,565000,0
256,110,52,550000,0
257,99,45,495000,0
258,91,52,455000,0
259,96,57,480000,0
260,112,50,560000,0
261,96,50,480000,0
262,90,47,450000,0
263,90,55,450000,0
264,92,53,460000,0
265,104,50,520000,0
266,106,58,530000,0
267,105,54,525000,0
268,99,41,495000,0
269,100,46,500000,0
270,96,42,480000,0
271,97,43,485000,0
272,99,43,495000,0
273,107,58,535000,0
274,96,57,480000,0
275,89,54,445000,0
276,109,54,545000,0
277,109,48,545000,0
278,94,55,470000,0
279,102,58,510000,0
280,100,41,500000,0
281,98,41,490000,0
282,101,50,505000,0
283,100,53,500000,0
284,95,51,475000,0
285,90,51,450000,0
286,105,42,525000,0
287,100,44,500000,0
288,112,44,560000,0
289,91,55,455000,0
290,106,41,530000,0
291,91,43,455000,0
292,99,40,495000,0
293,102,40,510000,0
294,103,55,515000,0
295,83,49,415000,0
296,88,49,440000,0
297,112,49,560000,0
298,111,55,555000,0
299,104,53,520000,0
300,104,47,520000,0
301,91,51,455000,0
302,95,58,475000,0
303,100,51,500000,0
304,93,57,465000,0
305,113,55,565000,0
306,81,48,405000,0
307,88,40,440000,0
308,99,58,495000,0
309,116,49,580000,0
310,102,45,510000,0
311,89,40,445000,0
312,111,45,555000,0
313,109,46,545000,0
314,101,48,505000,0
315,87,59,435000,0
316,116,50,580000,0
317,106,44,530000,0
318,96,59,480000,0
319,96,40,480000,0
320,99,54,495000,0
321,104,50,520000,0
322,91,49,455000,0
323,97,59,485000,0
324,109,59,545000,0
325,85,49,425000,0
326,107,58,535000,0
327,88,55,440000,0
328,105,42,525000,0
329,107,56,535000,0
330,105,47,525000,0
331,84,57,420000,0
332,103,57,515000,0
333,114,50,570000,0
334,125,40,625000,0
335,98,40,490000,0
336,101,43,505000,0
337,101,47,505000,0
338,105,56,525000,0
339,77,55,385000,0
340,110,49,550000,0
341,98,52,490000,0
342,96,54,480000,0
343,115,59,575000,0
344,105,53,525000,0
345,107,56,535000,0
346,83,50,415000,0
347,94,47,470000,0
348,87,55,435000,0
349,102,58,510000,0
350,111,40,555000,0
351,102,41,510000,0
352,95,42,475000,0
353,100,50,500000,0
354,99,54,495000,0
355,96,49,480000,0
356,100,52,500000,0
357,91,52,455000,0
358,94,40,470000,0
359,96,42,480000,0
360,79,42,395000,0
361,113,50,565000,0
362,92,59,460000,0
363,101,54,505000,0
364,105,44,525000,0
365,89,57,445000,0
366,88,53,440000,0
367,102,56,510000,0
368,111,52,555000,0
369,116,57,580000,0
370,86,54,430000,0
371,94,50,470000,0
372,100,41,500000,0
373,112,42,560000,0
374,107,43,535000,0
375,110,49,550000,0
376,96,49,480000,0
377,94,48,470000,0
378,103,40,515000,0
379,97,50,485000,0
380,99,42,495000,0
381,112,44,560000,0
382,106,59,530000,0
383,81,58,405000,0
384,108,49,540000,0
385,90,45,450000,0
386,101,47,505000,0
387,87,52,435000,0
388,101,55,505000,0
389,97,49,485000,0
390,81,50,405000,0
391,99,55,495000,0
392,91,56,455000,0
393,93,57,465000,0
394,93,45,465000,0
395,105,40,525000,0
396,119,54,595000,0
397,103,47,515000,0
398,100,43,500000,0
399,108,44,540000,0
400,105,46,525000,0
401,96,51,480000,0
402,79,54,395000,0
403,107,45,535000,0
404,106,50,530000,0
405,91,40,455000,0
406,91,45,455000,0
407,101,49,505000,0
408,106,59,530000,0
409,91,44,455000,0
410,109,58,545000,0
411,91,59,455000,0
412,85,44,425000,0
413,84,46,420000,0
414,102,55,510000,0
415,111,55,555000,0
416,105,46,525000,0
417,94,41,470000,0
418,82,55,410000,0
419,86,42,430000,0
420,112,47,560000,0
421,92,48,460000,0
422,107,56,535000,0
423,85,44,425000,0
424,115,42,575000,0
425,117,58,585000,0
426,100,43,500000,0
427,101,53,505000,0
428,93,56,465000,0
429,123,45,615000,0
430,104,49,520000,0
431,98,53,490000,0
432,107,41,535000,0
433,98,46,490000,0
434,108,42,540000,0
435,78,59,390000,0
436,88,45,440000,0
437,116,42,580000,0
438,103,59,515000,0
439,89,47,445000,0
440,101,53,505000,0
441,86,44,430000,0
442,101,46,505000,0
443,81,41,405000,0
444,90,51,450000,0
445,105,47,525000,0
446,102,42,510000,0
447,100,45,500000,0
448,113,58,565000,0
449,90,48,450000,0
450,95,56,475000,0
451,93,53,465000,0
452,87,56,435000,0
453,113,43,565000,0
454,101,41,505000,0
455,88,58,440000,0
456,109,43,545000,0
457,79,46,395000,0
458,108,59,540000,0
459,77,52,385000,0
460,79,48,395000,0
461,89,57,445000,0
462,92,59,460000,0
463,120,58,600000,0
464,116,43,580000,0
465,86,51,430000,0
466,116,49,580000,0
467,94,47,470000,0
468,114,47,570000,0
469,88,40,440000,0
470,102,41,510000,0
471,100,41,500000,0
472,102,53,510000,0
473,69,50,345000,0
474,88,42,440000,0
475,103,48,515000,0
476,108,57,540000,0
477,102,56,510000,0
478,104,55,520000,0
479,122,40,610000,0
480,86,55,430000,0
481,84,54,420000,0
482,96,53,480000,0
483,97,54,485000,0
484,95,41,475000,0
485,78,54,390000,0
486,105,56,525000,0
487,107,55,535000,0
488,92,49,460000,0
489,112,58,560000,0
490,91,57,455000,0
491,107,58,535000,0
492,88,49,440000,0
493,112,56,560000,0
494,109,50,545000,0
495,115,59,575000,0
496,102,42,510000,0
497,87,53,435000,0
498,88,51,440000,0
499,116,58,580000,0
500,106,43,530000,0
501,89,43,445000,0
502,104,55,520000,0
503,105,59,525000,0
504,79,55,395000,0
505,104,41,520000,0
506,81,53,405000,0
507,105,41,525000,0
508,99,51,495000,0
509,103,40,515000,0
510,89,48,445000,0
511,99,45,495000,0
512,102,41,510000,0
513,98,44,490000,0
514,106,42,530000,0
515,79,48,395000,0
516,106,53,530000,0
517,86,51,430000,0
518,96,50,480000,0
519,119,42,595000,0
520,83,45,415000,0
521,114,59,570000,0
522,89,42,445000,0
523,108,54,540000,0
524,96,41,480000,0
525,98,41,490000,0
526,93,57,465000,0
527,90,58,450000,0
528,89,54,445000,0
529,94,49,470000,0
530,117,49,585000,0
531,87,57,435000,0
532,106,56,530000,0
533,109,49,545000,0
534,98,53,490000,0
535,102,43,510000,0
536,104,56,520000,0
537,102,57,510000,0
538,103,56,515000,0
539,89,53,445000,0
540,111,55,555000,0
541,112,40,560000,0
542,98,51,490000,0
543,107,52,535000,0
544,91,58,455000,0
545,97,55,485000,0
546,95,45,475000,0
547,114,41,570000,0
548,99,53,495000,0
549,86,52,430000,0
550,87,51,435000,0
551,106,53,530000,0
552,95,54,475000,0
553,95,42,475000,0
554,100,47,500000,0
555,98,52,490000,0
556,87,51,435000,0
557,115,46,575000,0
558,99,56,495000,0
559,98,48,490000,0
560,110,45,550000,0
561,108,48,540000,0
562,103,56,515000,0
563,97,51,485000,0
564,88,49,440000,0
565,112,56,560000,0
566,103,57,515000,0
567,105,53,525000,0
568,91,44,455000,0
569,88,56,440000,0
570,94,41,470000,0
571,100,55,500000,0
572,80,43,400000,0
573,101,49,505000,0
574,105,58,525000,0
575,102,51,510000,0
576,124,49,620000,0
577,105,48,525000,0
578,106,52,530000,0
579,98,45,490000,0
580,102,58,510000,0
581,76,55,380000,0
582,96,49,480000,0
583,108,45,540000,0
584,92,44,460000,0
585,108,52,540000,0
586,96,47,480000,0
587,106,53,530000,0
588,95,55,475000,0
589,83,40,415000,0
590,104,43,520000,0
591,99,43,495000,0
592,97,48,485000,0
593,96,52,480000,0
594,115,43,575000,0
595,105,47,525000,0
596,117,48,585000,0
597,102,44,510000,0
598,96,52,480000,0
599,121,41,605000,0
600,93,58,465000,0
601,82,41,410000,0
602,102,54,510000,0
603,91,54,455000,0
604,111,44,555000,0
605,122,44,610000,0
606,102,51,510000,0
607,100,50,500000,0
608,101,50,505000,0
609,91,40,455000,0
610,92,50,460000,0
611,97,59,485000,0
612,98,50,490000,0
613,119,59,595000,0
614,93,44,465000,0
615,110,42,550000,0
616,99,45,495000,0
617,101,54,505000,0
618,107,42,535000,0
619,97,44,485000,0
620,103,50,515000,0
621,101,54,505000,0
622,107,44,535000,0
623,109,50,545000,0
624,103,43,515000,0
625,96,56,480000,0
626,86,55,430000,0
627,89,43,445000,0
628,112,51,560000,0
629,97,47,485000,0
630,88,57,440000,0
631,97,43,485000,0
632,98,41,490000,0
633,97,54,485000,0
634,102,57,510000,0
635,81,58,405000,0
636,102,54,510000,0
637,114,56,570000,0
638,97,41,485000,0
639,114,57,570000,0
640,104,52,520000,0
641,99,50,495000,0
642,113,55,565000,0
643,117,41,585000,0
644,96,40,480000,0
645,99,46,495000,0
646,113,53,565000,0
647,107,41,535000,0
648,96,51,480000,0
649,99,52,495000,0
650,87,59,435000,0
651,120,59,600000,0
652,103,44,515000,0
653,103,48,515000,0
654,110,42,550000,0
655,94,56,470000,0
656,106,52,530000,0
657,80,55,400000,0
658,84,40,420000,0
659,106,50,530000,0
660,107,43,535000,0
661,104,55,520000,0
662,112,40,560000,0
663,86,59,430000,0
664,105,45,525000,0
665,95,57,475000,0
666,96,45,480000,0
667,102,50,510000,0
668,102,57,510000,0
669,104,41,520000,0
670,110,51,550000,0
671,115,47,575000,0
672,95,47,475000,0
673,100,57,500000,0
674,108,40,540000,0
675,120,57,600000,0
676,101,54,505000,0
677,91,48,455000,0
678,110,50,550000,0
679,102,57,510000,0
680,109,48,545000,0
681,110,46,550000,0
682,85,54,425000,0
683,89,56,445000,0
684,91,59,455000,0
685,109,40,545000,0
686,113,47,565000,0
687,93,48,465000,0
688,113,45,565000,0
689,99,52,495000,0
690,102,47,510000,0
691,97,56,485000,0
692,105,58,525000,0
693,100,49,500000,0
694,116,52,580000,0
695,85,45,425000,0
696,101,41,505000,0
697,100,53,500000,0
698,84,44,420000,0
699,120,48,600000,0
700,85,41,425000,0
701,90,44,450000,0
702,96,48,480000,0
703,91,56,455000,0
704,96,56,480000,0
705,97,57,485000,0
706,105,50,525000,0
707,103,57,515000,0
708,118,54,590000,0
709,106,41,530000,0
710,86,41,430000,0
711,121,47,605000,0
712,96,46,480000,0
713,102,52,510000,0
714,86,55,430000,0
715,100,45,500000,0
716,96,42,480000,0
717,82,43,410000,0
718,93,54,465000,0
719,106,40,530000,0
720,104,44,520000,0
721,106,43,530000,0
722,101,59,505000,0
723,111,56,555000,0
724,107,42,535000,0
725,104,52,520000,0
726,115,47,575000,0
727,88,42,440000,0
728,106,41,530000,0
729,112,45,560000,0
730,114,41,570000,0
731,99,53,495000,0
732,101,56,505000,0
733,104,42,520000,0
734,96,53,480000,0
735,97,59,485000,0
736,96,47,480000,0
737,95,52,475000,0
738,99,52,495000,0
739,89,50,445000,0
740,94,58,470000,0
741,112,54,560000,0
742,81,50,405000,0
743,100,49,500000,0
744,111,50,555000,0
745,99,47,495000,0
746,106,58,530000,0
747,101,55,505000,0
748,101,49,505000,0
749,91,41,455000,0
750,90,48,450000,0
751,100,57,500000,0
752,101,52,505000,0
753,97,41,485000,0
754,91,46,455000,0
755,98,40,490000,0
756,81,51,405000,0
757,101,52,505000,0
758,90,40,450000,0
759,93,56,465000,0
760,100,51,500000,0
761,102,57,510000,0
762,96,41,480000,0
763,103,43,515000,0
764,98,47,490000,0
765,100,53,500000,0
766,117,54,585000,0
767,81,52,405000,0
768,109,57,545000,0
769,88,57,440000,0
770,106,43,530000,0
771,117,51,585000,0
772,108,42,540000,0
773,104,56,520000,0
774,94,53,470000,0
775,101,51,505000,0
776,105,51,525000,0
777,96,49,480000,0
778,103,55,515000,0
779,102,44,510000,0
780,85,58,425000,0
781,111,56,555000,0
782,97,49,485000,0
783,103,40,515000,0
784,94,48,470000,0
785,87,48,435000,0
786,105,58,525000,0
787,100,44,500000,0
788,85,43,425000,0
789,94,59,470000,0
790,89,57,445000,0
791,97,40,485000,0
792,93,52,465000,0
793,115,41,575000,0
794,99,47,495000,0
795,102,44,510000,0
796,100,59,500000,0
797,95,43,475000,0
798,103,53,515000,0
799,97,56,485000,0
800,113,51,565000,0
801,111,53,555000,0
802,113,40,565000,0
803,83,48,415000,0
804,100,54,500000,0
805,93,47,465000,0
806,85,58,425000,0
807,79,58,395000,0
808,105,58,525000,0
809,85,52,425000,0
810,85,57,425000,0
811,107,52,535000,0
812,105,51,525000,0
813,101,40,505000,0
814,82,52,410000,0
815,112,47,560000,0
816,113,59,565000,0
817,98,58,490000,0
818,103,42,515000,0
819,96,47,480000,0
820,103,46,515000,0
821,119,56,595000,0
822,121,55,605000,0
823,80,54,400000,0
824,121,41,605000,0
825,116,49,580000,0
826,102,48,510000,0
827,96,53,480000,0
828,107,44,535000,0
829,101,48,505000,0
830,106,47,530000,0
831,93,54,465000,0
832,102,57,510000,0
833,107,57,535000,0
834,128,49,640000,0
835,111,57,555000,0
836,106,57,530000,0
837,121,40,605000,0
838,100,41,500000,0
839,96,47,480000,0
840,111,47,555000,0
841,104,50,520000,0
842,97,51,485000,0
843,105,45,525000,0
844,105,54,525000,0
845,95,56,475000,0
846,91,58,455000,0
847,94,51,470000,0
848,103,59,515000,0
849,99,44,495000,0
850,96,47,480000,0
851,99,56,495000,0
852,105,43,525000,0
853,105,52,525000,0
854,92,41,460000,0
855,94,56,470000,0
856,100,46,500000,0
857,90,56,450000,0
858,92,55,460000,0
859,91,44,455000,0
860,97,50,485000,0
861,83,53,415000,0
862,85,57,425000,0
863,94,56,470000,0
864,115,49,575000,0
865,117,49,585000,0
866,85,58,425000,0
867,98,45,490000,0
868,104,55,520000,0
869,78,47,390000,0
870,82,52,410000,0
871,93,54,465000,0
872,101,49,505000,0
873,83,51,415000,0
874,99,42,495000,0
875,101,56,505000,0
876,91,49,455000,0
877,99,51,495000,0
878,91,43,455000,0
879,110,55,550000,0
880,107,52,535000,0
881,104,52,520000,0
882,118,54,590000,0
883,107,59,535000,0
884,84,58,420000,0
885,98,51,490000,0
886,99,45,495000,0
887,101,41,505000,0
888,105,50,525000,0
889,96,41,480000,0
890,94,57,470000,0
891,104,49,520000,0
892,110,53,550000,0
893,95,51,475000,0
894,93,45,465000,0
895,75,41,375000,0
896,109,51,545000,0
897,98,48,490000,0
898,112,44,560000,0
899,105,59,525000,0
900,105,56,525000,0
901,101,57,505000,0
902,93,42,465000,0
903,114,51,570000,0
904,96,47,480000,0
905,97,52,485000,0
906,89,48,445000,0
907,94,41,470000,0
908,111,58,555000,0
909,88,43,440000,0
910,100,56,500000,0
911,90,44,450000,0
912,89,53,445000,0
913,114,59,570000,0
914,106,48,530000,0
915,97,41,485000,0
916,102,56,510000,0
917,90,41,450000,0
918,85,47,425000,0
919,92,54,460000,0
920,87,59,435000,0
921,95,42,475000,0
922,111,58,555000,0
923,103,51,515000,0
924,88,44,440000,0
925,94,54,470000,0
926,95,56,475000,0
927,107,42,535000,0
928,87,52,435000,0
929,98,58,490000,0
930,107,48,535000,0
931,88,55,440000,0
932,95,41,475000,0
933,129,54,645000,0
934,100,43,500000,0
935,99,59,495000,0
936,107,55,535000,0
937,103,40,515000,0
938,86,50,430000,0
939,101,48,505000,0
940,106,52,530000,0
941,87,49,435000,0
942,108,45,540000,0
943,97,47,485000,0
944,93,54,465000,0
945,95,50,475000,0
946,92,46,460000,0
947,93,58,465000,0
948,79,41,395000,0
949,87,44,435000,0
950,104,45,520000,0
951,94,58,470000,0
952,98,54,490000,0
953,115,57,575000,0
954,75,42,375000,0
955,88,45,440000,0
956,102,53,510000,0
957,99,40,495000,0
958,92,43,460000,0
959,110,59,550000,0
960,91,57,455000,0
961,82,48,410000,0
962,104,57,520000,0
963,91,45,455000,0
964,111,52,555000,0
965,100,54,500000,0
966,100,51,500000,0
967,108,55,540000,0
968,119,51,595000,0
969,105,59,525000,0
970,96,48,480000,0
971,95,55,475000,0
972,102,49,510000,0
973,93,56,465000,0
974,78,55,390000,0
975,93,40,465000,0
976,94,40,470000,0
977,92,55,460000,0
978,111,44,555000,0
979,111,40,555000,0
980,110,48,550000,0
981,105,58,525000,0
982,109,59,545000,0
983,80,43,400000,0
984,114,51,570000,0
985,94,45,470000,0
986,80,53,400000,0
987,99,50,495000,0
988,101,51,505000,0
989,93,47,465000,0
990,97,46,485000,0
991,97,52,485000,0
992,94,55,470000,0
993,84,42,420000,0
994,110,50,550000,0
995,98,58,490000,0
996,93,51,465000,0
997,112,53,560000,0
998,99,52,495000,0
999,97,50,485000,0
1000,104,53,520000,0
1001,102,53,510000,0
1002,89,45,445000,0
1003,90,54,450000,0
1004,94,58,470000,0
1005,125,55,625000,0
1006,116,49,580000,0
1007,95,41,475000,0
1008,103,51,515000,0
1009,97,46,485000,0
1010,107,52,535000,0
1011,97,50,485000,0
1012,89,55,445000,0
1013,91,52,455000,0
1014,103,44,515000,0
1015,90,57,450000,0
1016,105,52,525000,0
1017,86,58,430000,0
1018,90,54,450000,0
1019,103,44,515000,0
1020,97,41,485000,0
1021,86,44,430000,0
1022,85,51,425000,0
1023,100,55,500000,0
1024,74,56,370000,0
1025,100,47,500000,0
1026,95,41,475000,0
1027,90,46,450000,0
1028,104,52,520000,0
1029,103,42,515000,0
1030,109,51,545000,0
1031,76,40,380000,0
1032,79,50,395000,0
1033,98,55,490000,0
1034,92,43,460000,0
1035,98,57,490000,0
1036,103,49,515000,0
1037,104,41,520000,0
1038,106,50,530000,0
1039,101,57,505000,0
1040,122,54,610000,0
1041,111,43,555000,0
1042,110,41,550000,0
1043,86,59,430000,0
1044,100,44,500000,0
1045,100,48,500000,0
1046,99,42,495000,0
1047,92,49,460000,0
1048,108,43,540000,0
1049,106,47,530000,0
1050,95,47,475000,0
1051,86,55,430000,0
1052,111,42,555000,0
1053,101,51,505000,0
1054,119,56,595000,0
1055,100,58,500000,0
1056,98,56,490000,0
1057,101,42,505000,0
1058,109,53,545000,0
1059,118,50,590000,0
1060,108,50,540000,0
1061,99,56,495000,0
1062,86,52,430000,0
1063,110,40,550000,0
1064,105,45,525000,0
1065,94,46,470000,0
1066,119,45,595000,0
1067,112,58,560000,0
1068,116,47,580000,0
1069,96,53,480000,0
1070,92,46,460000,0
1071,87,44,435000,0
1072,110,41,550000,0
1073,107,50,535000,0
1074,107,45,535000,0
1075,109,49,545000,0
1076,107,57,535000,0
1077,96,52,480000,0
1078,104,41,520000,0
1079,101,48,505000,0
1080,98,45,490000,0
1081,106,47,530000,0
1082,92,42,460000,0
1083,82,47,410000,0
1084,102,52,510000,0
1085,99,58,495000,0
1086,100,47,500000,0
1087,86,58,430000,0
1088,96,56,480000,0
1089,108,57,540000,0
1090,98,45,490000,0
1091,113,59,565000,0
1092,91,59,455000,0
1093,97,51,485000,0
1094,93,52,465000,0
1095,103,53,515000,0
1096,97,58,485000,0
1097,77,47,385000,0
1098,98,52,490000,0
1099,107,50,535000,0
1100,104,41,520000,0
1101,89,43,445000,0
1102,100,54,500000,0
1103,104,53,520000,0
1104,95,50,475000,0
1105,112,57,560000,0
1106,96,51,480000,0
1107,108,46,540000,0
1108,108,50,540000,0
1109,104,57,520000,0
1110,99,45,495000,0
1111,101,57,505000,0
1112,100,58,500000,0
1113,92,50,460000,0
1114,104,48,520000,0
1115,105,59,525000,0
1116,86,53,430000,0
1117,105,42,525000,0
1118,95,51,475000,0
1119,89,56,445000,0
1120,85,58,425000,0
1121,92,47,460000,0
1122,90,51,450000,0
1123,104,42,520000,0
1124,102,48,510000,0
1125,104,57,520000,0
1126,87,54,435000,0
1127,97,48,485000,0
1128,95,57,475000,0
1129,101,48,505000,0
1130,87,55,435000,0
1131,76,59,380000,0
1132,98,45,490000,0
1133,113,47,565000,0
1134,104,56,520000,0
1135,89,41,445000,0
1136,113,45,565000,0
1137,90,50,450000,0
1138,113,45,565000,0
1139,103,44,515000,0
1140,97,40,485000,0
1141,124,59,620000,0
1142,99,48,495000,0
1143,108,43,540000,0
1144,102,50,510000,0
1145,107,58,535000,0
1146,107,41,535000,0
1147,99,41,495000,0
1148,77,56,385000,0
1149,109,51,545000,0
1150,109,41,545000,0
1151,105,56,525000,0
1152,100,45,500000,0
1153,106,45,530000,0
1154,90,43,450000,0
1155,94,56,470000,0
1156,110,55,550000,0
1157,100,48,500000,0
1158,92,46,460000,0
1159,102,59,510000,0
1160,109,51,545000,0
1161,85,40,425000,0
1162,102,52,510000,0
1163,99,57,495000,0
1164,111,57,555000,0
1165,93,56,465000,0
1166,103,53,515000,0
1167,123,57,615000,0
1168,89,53,445000,0
1169,92,51,460000,0
1170,105,44,525000,0
1171,130,54,650000,0
1172,103,59,515000,0
1173,112,56,560000,0
1174,93,57,465000,0
1175,91,48,455000,0
1176,103,42,515000,0
1177,95,47,475000,0
1178,109,49,545000,0
1179,103,45,515000,0
1180,95,57,475000,0
1181,96,41,480000,0
1182,89,44,445000,0
1183,94,50,470000,0
1184,92,41,460000,0
1185,84,45,420000,0
1186,88,57,440000,0
1187,99,41,495000,0
1188,81,45,405000,0
1189,80,45,400000,0
1190,119,49,595000,0
1191,91,49,455000,0
1192,93,53,465000,0
1193,92,49,460000,0
1194,113,50,565000,0
1195,109,49,545000,0
1196,90,40,450000,0
1197,96,41,480000,0
1198,97,44,485000,0
1199,111,50,555000,0
1200,100,55,500000,0
1201,89,49,445000,0
1202,79,55,395000,0
1203,82,50,410000,0
1204,101,57,505000,0
1205,85,57,425000,0
1206,112,51,560000,0
1207,84,51,420000,0
1208,110,52,550000,0
1209,97,59,485000,0
1210,109,42,545000,0
1211,90,53,450000,0
1212,105,55,525000,0
1213,103,45,515000,0
1214,109,47,545000,0
1215,110,57,550000,0
1216,73,57,365000,0
1217,102,49,510000,0
1218,100,44,500000,0
1219,97,49,485000,0
1220,105,50,525000,0
1221,93,50,465000,0
1222,105,56,525000,0
1223,111,56,555000,0
1224,111,44,555000,0
1225,101,56,505000,0
1226,102,57,510000,0
1227,90,54,450000,0
1228,100,40,500000,0
1229,103,45,515000,0
1230,102,51,510000,0
1231,94,51,470000,0
1232,78,42,390000,0
1233,105,47,525000,0
1234,112,49,560000,0
1235,97,43,485000,0
1236,105,44,525000,0
1237,112,42,560000,0
1238,97,51,485000,0
1239,81,43,405000,0
1240,97,56,485000,0
1241,96,42,480000,0
1242,90,40,450000,0
1243,82,52,410000,0
1244,91,58,455000,0
1245,97,45,485000,0
1246,99,42,495000,0
1247,92,41,460000,0
1248,92,44,460000,0
1249,104,49,520000,0
1250,89,49,445000,0
1251,107,43,535000,0
1252,115,40,575000,0
1253,101,52,505000,0
1254,91,52,455000,0
1255,100,51,500000,0
1256,78,44,390000,0
1257,109,42,545000,0
1258,106,41,530000,0
1259,100,57,500000,0
1260,103,43,515000,0
1261,86,55,430000,0
1262,96,47,480000,0
1263,106,46,530000,0
1264,88,51,440000,0
1265,104,52,520000,0
1266,86,40,430000,0
1267,92,58,460000,0
1268,91,43,455000,0
1269,80,55,400000,0
1270,87,49,435000,0
1271,86,44,430000,0
1272,93,55,465000,0
1273,103,55,515000,0
1274,106,56,530000,0
1275,103,52,515000,0
1276,111,44,555000,0
1277,106,50,530000,0
1278,120,40,600000,0
1279,100,57,500000,0
1280,117,46,585000,0
1281,131,42,655000,0
1282,100,48,500000,0
1283,80,40,400000,0
1284,96,40,480000,0
1285,111,59,555000,0
1286,101,51,505000,0
1287,83,54,415000,0
1288,105,51,525000,0
1289,86,56,430000,0
1290,93,58,465000,0
1291,120,55,600000,0
1292,95,40,475000,0
1293,118,49,590000,0
1294,79,43,395000,0
1295,98,44,490000,0
1296,115,40,575000,0
1297,89,44,445000,0
1298,96,52,480000,0
1299,108,52,540000,0
1300,121,54,605000,0
1301,111,51,555000,0
1302,95,54,475000,0
1303,93,53,465000,0
1304,96,53,480000,0
1305,102,41,510000,0
1306,96,54,480000,0
1307,84,45,420000,0
1308,91,58,455000,0
1309,102,44,510000,0
1310,103,48,515000,0
1311,105,45,525000,0
1312,102,43,510000,0
1313,90,48,450000,0
1314,72,56,360000,0
1315,116,47,580000,0
1316,93,57,465000,0
1317,121,42,605000,0
1318,84,46,420000,0
1319,105,54,525000,0
1320,86,54,430000,0
1321,100,49,500000,0
1322,116,40,580000,0
1323,96,54,480000,0
1324,104,48,520000,0
1325,118,47,590000,0
1326,86,57,430000,0
1327,97,41,485000,0
1328,93,44,465000,0
1329,94,46,470000,0
1330,103,43,515000,0
1331,100,42,500000,0
1332,97,41,485000,0
1333,97,58,485000,0
1334,102,49,510000,0
1335,93,48,465000,0
1336,97,41,485000,0
1337,118,47,590000,0
1338,98,50,490000,0
1339,80,44,400000,0
1340,107,41,535000,0
1341,91,58,455000,0
1342,95,51,475000,0
1343,93,56,465000,0
1344,78,44,390000,0
1345,108,46,540000,0
1346,110,45,550000,0
1347,100,43,500000,0
1348,84,54,420000,0
1349,105,43,525000,0
1350,106,44,530000,0
1351,111,44,555000,0
1352,96,43,480000,0
1353,102,52,510000,0
1354,97,57,485000,0
1355,112,58,560000,0
1356,114,59,570000,0
1357,113,46,565000,0
1358,86,53,430000,0
1359,105,40,525000,0
1360,91,55,455000,0
1361,93,44,465000,0
1362,93,40,465000,0
1363,91,51,455000,0
1364,75,48,375000,0
1365,95,51,475000,0
1366,98,44,490000,0
1367,112,51,560000,0
1368,110,41,550000,0
1369,97,40,485000,0
1370,78,50,390000,0
1371,91,43,455000,0
1372,95,58,475000,0
1373,110,50,550000,0
1374,96,52,480000,0
1375,101,47,505000,0
1376,91,48,455000,0
1377,110,58,550000,0
1378,95,40,475000,0
1379,96,50,480000,0
1380,94,47,470000,0
1381,107,45,535000,0
1382,91,56,455000,0
1383,102,45,510000,0
1384,82,55,410000,0
1385,88,44,440000,0
1386,95,46,475000,0
1387,102,51,510000,0
1388,110,59,550000,0
1389,102,59,510000,0
1390,95,45,475000,0
1391,101,47,505000,0
1392,101,40,505000,0
1393,82,57,410000,0
1394,91,49,455000,0
1395,111,44,555000,0
1396,111,45,555000,0
1397,108,43,540000,0
1398,89,50,445000,0
1399,107,42,535000,0
1400,119,59,595000,0
1401,101,46,505000,0
1402,91,49,455000,0
1403,105,57,525000,0
1404,99,59,495000,0
1405,95,52,475000,0
1406,91,49,455000,0
1407,103,40,515000,0
1408,94,55,470000,0
1409,105,58,525000,0
1410,93,46,465000,0
1411,84,40,420000,0
1412,94,49,470000,0
1413,87,44,435000,0
1414,111,48,555000,0
1415,85,56,425000,0
1416,107,50,535000,0
1417,80,54,400000,0
1418,109,51,545000,0
1419,98,43,490000,0
1420,112,50,560000,0
1421,95,54,475000,0
1422,80,59,400000,0
1423,102,55,510000,0
1424,111,56,555000,0
1425,108,45,540000,0
1426,105,40,525000,0
1427,106,54,530000,0
1428,113,59,565000,0
1429,89,59,445000,0
1430,113,40,565000,0
1431,101,48,505000,0
1432,78,46,390000,0
1433,107,42,535000,0
1434,118,51,590000,0
1435,100,48,500000,0
1436,105,57,525000,0
1437,125,42,625000,0
1438,98,48,490000,0
1439,100,42,500000,0
1440,100,52,500000,0
1441,87,41,435000,0
1442,93,53,465000,0
1443,135,57,675000,0
1444,113,45,565000,0
1445,104,52,520000,0
1446,107,56,535000,0
1447,98,48,490000,0
1448,102,54,510000,0
1449,92,57,460000,0
1450,98,46,490000,0
1451,98,53,490000,0
1452,119,49,595000,0
1453,104,46,520000,0
1454,109,55,545000,0
1455,113,58,565000,0
1456,95,50,475000,0
1457,99,55,495000,0
1458,97,56,485000,0
1459,101,55,505000,0
1460,93,57,465000,0
1461,90,45,450000,0
1462,74,56,370000,0
1463,116,41,580000,0
1464,95,57,475000,0
1465,105,50,525000,0
1466,83,45,415000,0
1467,96,46,480000,0
1468,102,51,510000,0
1469,102,40,510000,0
1470,92,48,460000,0
1471,87,53,435000,0
1472,110,58,550000,0
1473,93,52,465000,0
1474,121,51,605000,0
1475,99,57,495000,0
1476,98,54,490000,0
1477,101,59,505000,0
1478,111,52,555000,0
1479,104,51,520000,0
1480,98,53,490000,0
1481,94,40,470000,0
1482,101,45,505000,0
1483,93,58,465000,0
1484,95,41,475000,0
1485,101,47,505000,0
1486,82,43,410000,0
1487,92,53,460000,0
1488,85,45,425000,0
1489,98,45,490000,0
1490,118,57,590000,0
1491,115,52,575000,0
1492,89,46,445000,0
1493,99,50,495000,0
1494,100,54,500000,0
1495,111,50,555000,0
1496,93,43,465000,0
1497,114,48,570000,0
1498,104,47,520000,0
1499,99,47,495000,0
1500,88,52,440000,0
1501,84,50,420000,0
1502,101,46,505000,0
1503,83,59,415000,0
1504,82,52,410000,0
1505,113,41,565000,0
1506,123,58,615000,0
1507,82,44,410000,0
1508,99,49,495000,0
1509,100,41,500000,0
1510,99,58,495000,0
1511,102,48,510000,0
1512,101,57,505000,0
1513,97,49,485000,0
1514,105,52,525000,0
1515,99,53,495000,0
1516,89,46,445000,0
1517,103,54,515000,0
1518,88,48,440000,0
1519,107,41,535000,0
1520,97,42,485000,0
1521,100,56,500000,0
1522,98,47,490000,0
1523,96,56,480000,0
1524,115,47,575000,0
1525,93,59,465000,0
1526,89,52,445000,0
1527,86,59,430000,0
1528,89,48,445000,0
1529,112,40,560000,0
1530,109,49,545000,0
1531,103,56,515000,0
1532,94,42,470000,0
1533,105,56,525000,0
1534,103,43,515000,0
1535,105,47,525000,0
1536,96,54,480000,0
1537,109,57,545000,0
1538,95,49,475000,0
1539,94,43,470000,0
1540,93,41,465000,0
1541,102,48,510000,0
1542,117,41,585000,0
1543,121,58,605000,0
1544,105,43,525000,0
1545,90,40,450000,0
1546,117,47,585000,0
1547,92,41,460000,0
1548,104,49,520000,0
1549,105,57,525000,0
1550,79,48,395000,0
1551,102,51,510000,0
1552,97,41,485000,0
1553,97,53,485000,0
1554,107,42,535000,0
1555,101,58,505000,0
1556,121,51,605000,0
1557,84,42,420000,0
1558,95,41,475000,0
1559,98,58,490000,0
1560,95,41,475000,0
1561,83,52,415000,0
1562,109,50,545000,0
1563,100,40,500000,0
1564,110,50,550000,0
1565,104,48,520000,0
1566,119,53,595000,0
1567,105,55,525000,0
1568,101,50,505000,0
1569,101,49,505000,0
1570,90,41,450000,0
1571,93,48,465000,0
1572,102,59,510000,0
1573,107,56,535000,0
1574,95,56,475000,0
1575,119,49,595000,0
1576,93,41,465000,0
1577,99,55,495000,0
1578,87,49,435000,0
1579,97,41,485000,0
1580,95,53,475000,0
1581,108,40,540000,0
1582,92,43,460000,0
1583,93,48,465000,0
1584,119,55,595000,0
1585,84,59,420000,0
1586,104,46,520000,0
1587,101,55,505000,0
1588,112,52,560000,0
1589,102,41,510000,0
1590,95,51,475000,0
1591,101,43,505000,0
1592,87,59,435000,0
1593,103,59,515000,0
1594,98,53,490000,0
1595,92,58,460000,0
1596,98,40,490000,0
1597,105,43,525000,0
1598,114,58,570000,0
1599,106,59,530000,0
1600,94,52,470000,0
1601,103,57,515000,0
1602,91,56,455000,0
1603,100,55,500000,0
1604,86,41,430000,0
1605,116,50,580000,0
1606,96,51,480000,0
1607,83,46,415000,0
1608,86,52,430000,0
1609,93,40,465000,0
1610,96,51,480000,0
1611,91,48,455000,0
1612,77,59,385000,0
1613,95,41,475000,0
1614,85,47,425000,0
1615,97,52,485000,0
1616,104,47,520000,0
1617,92,57,460000,0
1618,96,59,480000,0
1619,109,48,545000,0
1620,118,44,590000,0
1621,101,52,505000,0
1622,97,47,485000,0
1623,113,59,565000,0
1624,102,58,510000,0
1625,102,43,510000,0
1626,93,58,465000,0
1627,117,45,585000,0
1628,118,55,590000,0
1629,121,43,605000,0
1630,100,43,500000,0
1631,77,58,385000,0
1632,81,46,405000,0
1633,108,56,540000,0
1634,103,47,515000,0
1635,104,52,520000,0
1636,102,49,510000,0
1637,110,46,550000,0
1638,101,41,505000,0
1639,102,51,510000,0
1640,117,50,585000,0
1641,98,48,490000,0
1642,105,59,525000,0
1643,78,46,390000,0
1644,91,40,455000,0
1645,100,47,500000,0
1646,93,56,465000,0
1647,92,40,460000,0
1648,88,51,440000,0
1649,120,57,600000,0
1650,79,43,395000,0
1651,109,49,545000,0
1652,111,55,555000,0
1653,100,56,500000,0
1654,79,51,395000,0
1655,109,47,545000,0
1656,109,44,545000,0
1657,114,44,570000,0
1658,115,54,575000,0
1659,107,56,535000,0
1660,99,51,495000,0
1661,99,45,495000,0
1662,106,48,530000,0
1663,111,59,555000,0
1664,119,48,595000,0
1665,81,52,405000,0
1666,101,50,505000,0
1667,99,40,495000,0
1668,109,42,545000,0
1669,105,42,525000,0
1670,86,53,430000,0
1671,97,50,485000,0
1672,100,50,500000,0
1673,107,55,535000,0
1674,102,45,510000,0
1675,109,40,545000,0
1676,101,55,505000,0
1677,88,48,440000,0
1678,99,45,495000,0
1679,111,42,555000,0
1680,103,41,515000,0
1681,88,54,440000,0
1682,97,50,485000,0
1683,93,55,465000,0
1684,71,58,355000,0
1685,98,47,490000,0
1686,97,53,485000,0
1687,85,42,425000,0
1688,110,57,550000,0
1689,105,49,525000,0
1690,100,49,500000,0
1691,102,50,510000,0
1692,114,59,570000,0
1693,97,59,485000,0
1694,97,40,485000,0
1695,104,55,520000,0
1696,112,45,560000,0
1697,94,58,470000,0
1698,75,43,375000,0
1699,96,50,480000,0
1700,92,43,460000,0
1701,112,40,560000,0
1702,101,49,505000,0
1703,99,53,495000,0
1704,103,52,515000,0
1705,111,42,555000,0
1706,99,44,495000,0
1707,102,49,510000,0
1708,108,48,540000,0
1709,96,59,480000,0
1710,101,40,505000,0
1711,123,43,615000,0
1712,102,51,510000,0
1713,105,45,525000,0
1714,93,53,465000,0
1715,96,56,480000,0
1716,99,59,495000,0
1717,104,43,520000,0
1718,109,51,545000,0
1719,112,59,560000,0
1720,90,42,450000,0
1721,90,41,450000,0
1722,103,57,515000,0
1723,109,59,545000,0
1724,101,41,505000,0
1725,97,40,485000,0
1726,114,51,570000,0
1727,82,50,410000,0
1728,121,51,605000,0
1729,93,49,465000,0
1730,80,56,400000,0
1731,89,46,445000,0
1732,102,51,510000,0
1733,101,40,505000,0
1734,91,59,455000,0
1735,83,56,415000,0
1736,104,40,520000,0
1737,112,47,560000,0
1738,105,58,525000,0
1739,96,52,480000,0
1740,116,50,580000,0
1741,101,49,505000,0
1742,98,50,490000,0
1743,101,53,505000,0
1744,117,55,585000,0
1745,99,51,495000,0
1746,90,58,450000,0
1747,99,46,495000,0
1748,99,44,495000,0
1749,104,52,520000,0
1750,104,43,520000,0
1751,113,51,565000,0
1752,112,47,560000,0
1753,105,41,525000,0
1754,80,57,400000,0
1755,104,43,520000,0
1756,105,44,525000,0
1757,113,40,565000,0
1758,91,57,455000,0
1759,91,58,455000,0
1760,108,50,540000,0
1761,100,45,500000,0
1762,102,47,510000,0
1763,101,56,505000,0
1764,106,41,530000,0
1765,98,50,490000,0
1766,85,45,425000,0
1767,101,46,505000,0
1768,116,48,580000,0
1769,104,57,520000,0
1770,111,41,555000,0
1771,110,41,550000,0
1772,106,56,530000,0
1773,93,57,465000,0
1774,100,41,500000,0
1775,101,47,505000,0
1776,90,46,450000,0
1777,82,52,410000,0
1778,70,49,350000,0
1779,107,44,535000,0
1780,78,43,390000,0
1781,96,48,480000,0
1782,96,48,480000,0
1783,97,45,485000,0
1784,92,50,460000,0
1785,96,48,480000,0
1786,99,52,495000,0
1787,94,59,470000,0
1788,94,48,470000,0
1789,96,58,480000,0
1790,98,47,490000,0
1791,113,58,565000,0
1792,98,58,490000,0
1793,89,47,445000,0
1794,107,50,535000,0
1795,100,44,500000,0
1796,92,58,460000,0
1797,106,49,530000,0
1798,96,50,480000,0
1799,99,58,495000,0
1800,6073,18776,24920000,1
1801,5341,17682,48720000,1
1802,9065,19758,41600000,1
1803,8623,19750,48925000,1
1804,8160,18978,45105000,1
1805,6889,13609,44550000,1
1806,6992,14465,46530000,1
1807,6592,19485,27295000,1
1808,7720,19583,39690000,1
1809,7470,12166,33495000,1
1810,5461,14607,36915000,1
1811,9617,18020,28215000,1
1812,8569,15042,26265000,1
1813,8558,18294,23920000,1
1814,8342,19598,37855000,1
1815,5963,10718,52725000,1
1816,6407,12211,44460000,1
1817,8685,10324,43575000,1
1818,9418,19954,29150000,1
1819,6475,13281,44500000,1
1820,8246,15827,29205000,1
1821,6758,11948,26400000,1
1822,6988,17752,51700000,1
1823,8951,14289,43860000,1
1824,7327,17658,38595000,1
1825,7111,11638,28980000,1
1826,7787,14964,29150000,1
1827,7728,10641,38710000,1
1828,5609,17501,53900000,1
1829,9428,16580,33150000,1
1830,8257,12733,22695000,1
1831,7755,16593,36935000,1
1832,7972,10960,31500000,1
1833,6729,17770,24030000,1
1834,9344,19547,40495000,1
1835,8421,11639,21870000,1
1836,9057,15626,36360000,1
1837,8877,17579,38000000,1
1838,9319,16201,29150000,1
1839,6886,16554,35990000,1
1840,6053,19614,32175000,1
1841,8781,19339,27040000,1
1842,9432,13273,41400000,1
1843,9261,19718,29070000,1
1844,9472,14261,56840000,1
1845,6744,12105,41850000,1
1846,5731,14675,35035000,1
1847,7108,15226,34965000,1
1848,6828,18284,29585000,1
1849,8437,18943,49755000,1
1850,9884,19589,47960000,1
1851,7475,16813,27160000,1
1852,5947,14399,49290000,1
1853,8334,19910,47025000,1
1854,9522,15475,34365000,1
1855,6290,10865,35640000,1
1856,7266,17893,45590000,1
1857,6411,12895,44940000,1
1858,8063,14069,27820000,1
1859,9542,18320,36800000,1
1860,8313,19411,27405000,1
1861,6184,10003,38070000,1
1862,6826,11728,42330000,1
1863,7246,15125,45540000,1
1864,6736,14593,36960000,1
1865,9779,12087,39270000,1
1866,7800,14091,43500000,1
1867,5413,12092,51940000,1
1868,9972,18844,25500000,1
1869,8663,15841,47530000,1
1870,9951,15481,24250000,1
1871,8614,18418,26460000,1
1872,8076,14682,40850000,1
1873,8766,12098,41860000,1
1874,5039,17669,32400000,1
1875,7259,13248,41340000,1
1876,8257,18482,39960000,1
1877,7642,14719,45835000,1
1878,5980,16567,26260000,1
1879,9588,13839,33440000,1
1880,5264,13902,36905000,1
1881,9756,14231,32390000,1
1882,7149,10116,37730000,1
1883,5418,17196,29880000,1
1884,9671,11266,28060000,1
1885,7867,16606,28025000,1
1886,5210,14002,42940000,1
1887,7957,18858,49290000,1
1888,6664,19299,41975000,1
1889,7634,16285,43990000,1
1890,8916,16148,27090000,1
1891,7295,18397,52800000,1
1892,7701,18978,36040000,1
1893,8116,13226,28080000,1
1894,5732,12730,41600000,1
1895,8266,15290,33600000,1
1896,9190,15482,33550000,1
1897,7927,15368,51700000,1
1898,5943,19861,28220000,1
1899,6394,15521,34400000,1
1900,6381,14229,26000000,1
1901,6001,17565,39560000,1
1902,8430,12478,27600000,1
1903,8867,12326,29150000,1
1904,6604,10310,39960000,1
1905,5670,15491,45120000,1
1906,9927,14854,35640000,1
1907,8506,13023,48985000,1
1908,6139,15175,41040000,1
1909,6330,18224,52170000,1
1910,5613,10125,35340000,1
1911,9689,13106,27300000,1
1912,7977,13153,32240000,1
1913,5110,15519,45450000,1
1914,7849,15308,49815000,1
1915,7070,12639,31620000,1
1916,5108,14222,32830000,1
1917,8252,19666,41245000,1
1918,9788,12312,27335000,1
1919,6426,16449,46440000,1
1920,8608,10103,42140000,1
1921,6998,17554,28000000,1
1922,9888,16534,31590000,1
1923,9785,13365,28500000,1
1924,9136,18653,42500000,1
1925,5161,19400,41340000,1
1926,5477,19967,28500000,1
1927,8064,10780,25850000,1
1928,8426,15502,30300000,1
1929,5409,10761,42000000,1
1930,7019,16391,39560000,1
1931,9771,11562,39655000,1
1932,7181,15776,40125000,1
1933,6098,17344,29290000,1
1934,9286,14644,27950000,1
1935,6495,14930,46250000,1
1936,8578,19605,41400000,1
1937,8852,12608,46280000,1
1938,5986,15738,30660000,1
1939,8524,15724,53900000,1
1940,9667,12288,18815000,1
1941,5486,12713,40810000,1
1942,7858,12273,33500000,1
1943,7335,15788,26880000,1
1944,8457,14090,28050000,1
1945,5324,19059,47520000,1
1946,6530,15043,35720000,1
1947,5126,19735,39605000,1
1948,7772,15341,38000000,1
1949,6625,11880,30485000,1
1950,6842,14016,33370000,1
1951,8514,15467,44460000,1
1952,8594,11188,34310000,1
1953,7016,16052,32040000,1
1954,8507,13465,29440000,1
1955,9219,17630,34980000,1
1956,7784,12801,22360000,1
1957,8648,17736,56050000,1
1958,7560,19332,48985000,1
1959,6461,10544,49500000,1
1960,7030,17815,40280000,1
1961,7029,12159,35020000,1
1962,8680,14389,35770000,1
1963,8114,19027,32495000,1
1964,7933,17659,42940000,1
1965,7129,14505,44135000,1
1966,8756,13234,34340000,1
1967,9175,15073,25245000,1
1968,7484,11124,53580000,1
1969,5953,12841,37875000,1
1970,5976,15086,39900000,1
1971,7310,13454,27300000,1
1972,7578,18528,39600000,1
1973,6872,17502,27825000,1
1974,5215,11876,41830000,1
1975,7320,19092,31525000,1
1976,5494,14837,31350000,1
1977,8569,15830,23460000,1
1978,5411,12888,51615000,1
1979,8747,15305,34320000,1
1980,5296,17324,27810000,1
1981,7335,17124,45045000,1
1982,6370,11157,32445000,1
1983,5171,11524,48500000,1
1984,6534,19350,22910000,1
1985,6942,17548,38715000,1
1986,6098,13114,24115000,1
1987,7153,11922,51300000,1
1988,8723,12992,46200000,1
1989,7611,11750,40495000,1
1990,8705,19211,28885000,1
1991,8409,17947,31415000,1
1992,5457,14869,29610000,1
1993,7093,13147,25175000,1
1994,6237,11967,27030000,1
1995,8564,17070,32980000,1
1996,9046,11281,44160000,1
1997,6824,18187,39690000,1
1998,7547,12571,30070000,1
1999,6384,17167,38000000,1
2000,5325,15187,37765000,1
2001,7289,10844,26100000,1
2002,8980,14061,37800000,1
2003,7406,12330,39010000,1
2004,8951,12092,45045000,1
2005,7866,15365,49995000,1
2006,5619,19427,42560000,1
2007,7683,13795,32680000,1
2008,9427,17138,26550000,1
2009,7082,13640,44640000,1
2010,7738,13373,35490000,1
2011,7701,14211,44955000,1
2012,8627,10873,25650000,1
2013,7504,14144,35145000,1
2014,8379,11876,26460000,1
2015,5133,11087,50285000,1
2016,7250,12620,39895000,1
2017,5141,18801,53940000,1
2018,5924,16225,51980000,1
2019,5328,12880,31350000,1
2020,6772,17582,34200000,1
2021,6940,16879,31680000,1
2022,6324,16466,38000000,1
2023,8046,19990,39780000,1
2024,6907,17873,54290000,1
2025,5129,19353,39270000,1
2026,9018,10841,38280000,1
2027,9871,13801,30240000,1
2028,6916,10891,24990000,1
2029,7871,16788,30690000,1
2030,9111,15671,31680000,1
2031,6458,11891,33950000,1
2032,7195,14501,35520000,1
2033,6109,14326,35000000,1
2034,9850,10100,39140000,1
2035,9053,15330,41400000,1
2036,6526,16488,34760000,1
2037,5684,16726,44290000,1
2038,5837,12159,38150000,1
2039,7451,10783,36630000,1
2040,5199,19888,38710000,1
2041,7503,18529,42750000,1
2042,7979,14487,31110000,1
2043,5313,11016,51360000,1
2044,5516,18388,47040000,1
2045,6128,11466,43460000,1
2046,7236,16171,23920000,1
2047,8399,15461,23655000,1
2048,8644,18535,27540000,1
2049,5827,11028,45780000,1
2050,7717,14807,47040000,1
2051,7139,12800,40320000,1
2052,6834,14119,27755000,1
2053,8649,11811,49800000,1
2054,9521,11861,30300000,1
2055,8641,18380,52800000,1
2056,5720,19652,43240000,1
2057,5375,15352,24250000,1
2058,7644,12666,31040000,1
2059,5334,13707,33075000,1
2060,5245,19677,38295000,1
2061,9534,15903,27030000,1
2062,7295,15982,24960000,1
2063,7381,11189,43350000,1
2064,9173,11793,38220000,1
2065,7103,10417,44720000,1
2066,5747,10434,25480000,1
2067,9334,18444,46620000,1
2068,9591,15362,43000000,1
2069,5133,14635,33000000,1
2070,9132,19706,44720000,1
2071,5454,18489,32830000,1
2072,5289,12338,27030000,1
2073,8458,19559,30805000,1
2074,7680,13513,46035000,1
2075,9612,14628,42560000,1
2076,9366,15163,38000000,1
2077,5186,15407,29870000,1
2078,5326,19197,21375000,1
2079,9505,14487,52955000,1
2080,9523,13135,43500000,1
2081,5302,16196,29760000,1
2082,8941,18274,47840000,1
2083,7486,16815,24360000,1
2084,6593,15023,32775000,1
2085,6820,16384,43000000,1
2086,8464,18202,23520000,1
2087,8284,17900,46280000,1
2088,6406,11955,28210000,1
2089,8112,19013,38220000,1
2090,6591,15975,33950000,1
2091,9163,12281,34790000,1
2092,8751,16565,27030000,1
2093,7061,11635,30380000,1
2094,7319,11174,35690000,1
2095,8500,17077,42560000,1
2096,8870,13106,27135000,1
2097,6474,11333,34335000,1
2098,9880,19604,47040000,1
2099,5862,19764,28800000,1
2100,100,44,500000,0
2101,100,56,500000,0
2102,109,54,545000,0
2103,96,45,480000,0
2104,79,46,395000,0
2105,100,56,500000,0
2106,118,52,590000,0
2107,85,46,425000,0
2108,111,59,555000,0
2109,78,48,390000,0
2110,102,47,510000,0
2111,106,51,530000,0
2112,109,58,545000,0
2113,89,44,445000,0
2114,118,51,590000,0
2115,104,51,520000,0
2116,102,49,510000,0
2117,115,46,575000,0
2118,111,46,555000,0
2119,88,44,440000,0
2120,98,42,490000,0
2121,103,55,515000,0
2122,86,43,430000,0
2123,93,59,465000,0
2124,100,43,500000,0
2125,100,40,500000,0
2126,92,50,460000,0
2127,109,52,545000,0
2128,112,43,560000,0
2129,75,50,375000,0
2130,100,42,500000,0
2131,89,55,445000,0
2132,88,41,440000,0
2133,95,48,475000,0
2134,100,56,500000,0
2135,108,57,540000,0
2136,100,59,500000,0
2137,103,48,515000,0
2138,108,41,540000,0
2139,101,57,505000,0
2140,103,51,515000,0
2141,102,44,510000,0
2142,84,54,420000,0
2143,98,51,490000,0
2144,101,54,505000,0
2145,105,55,525000,0
2146,100,53,500000,0
2147,87,41,435000,0
2148,112,48,560000,0
2149,98,41,490000,0
2150,98,58,490000,0
2151,81,59,405000,0
2152,103,59,515000,0
2153,98,51,490000,0
2154,104,48,520000,0
2155,112,55,560000,0
2156,105,55,525000,0
2157,89,56,445000,0
2158,75,55,375000,0
2159,104,51,520000,0
2160,96,40,480000,0
2161,100,44,500000,0
2162,115,53,575000,0
2163,108,58,540000,0
2164,93,53,465000,0
2165,112,41,560000,0
2166,101,47,505000,0
2167,93,55,465000,0
2168,88,49,440000,0
2169,110,47,550000,0
2170,93,43,465000,0
2171,102,47,510000,0
2172,107,44,535000,0
2173,107,42,535000,0
2174,83,48,415000,0
2175,92,51,460000,0
2176,107,58,535000,0
2177,90,49,450000,0
2178,97,44,485000,0
2179,89,42,445000,0
2180,93,56,465000,0
2181,105,50,525000,0
2182,105,50,525000,0
2183,87,49,435000,0
2184,107,58,535000,0
2185,110,46,550000,0
2186,102,40,510000,0
2187,96,48,480000,0
2188,94,50,470000,0
2189,106,58,530000,0
2190,118,50,590000,0
2191,99,52,495000,0
2192,90,59,450000,0
2193,99,46,495000,0
2194,105,52,525000,0
2195,94,53,470000,0
2196,74,46,370000,0
2197,94,57,470000,0
2198,94,40,470000,0
2199,102,57,510000,0
2200,109,53,545000,0
2201,94,53,470000,0
2202,85,46,425000,0
2203,108,42,540000,0
2204,92,49,460000,0
2205,102,44,510000,0
2206,106,58,530000,0
2207,97,49,485000,0
2208,86,50,430000,0
2209,91,58,455000,0
2210,95,55,475000,0
2211,111,58,555000,0
2212,93,59,465000,0
2213,105,48,525000,0
2214,103,59,515000,0
2215,109,58,545000,0
2216,113,52,565000,0
2217,91,59,455000,0
2218,104,40,520000,0
2219,118,41,590000,0
2220,94,55,470000,0
2221,102,46,510000,0
2222,82,40,410000,0
2223,105,56,525000,0
2224,107,46,535000,0
2225,89,43,445000,0
2226,84,46,420000,0
2227,106,41,530000,0
2228,98,47,490000,0
2229,100,40,500000,0
2230,110,53,550000,0
2231,108,48,540000,0
2232,107,56,535000,0
2233,101,40,505000,0
2234,112,55,560000,0
2235,105,57,525000,0
2236,101,45,505000,0
2237,91,58,455000,0
2238,107,48,535000,0
2239,105,50,525000,0
2240,99,59,495000,0
2241,107,52,535000,0
2242,98,50,490000,0
2243,94,41,470000,0
2244,103,59,515000,0
2245,94,46,470000,0
2246,103,42,515000,0
2247,112,42,560000,0
2248,111,51,555000,0
2249,92,42,460000,0
2250,107,49,535000,0
2251,101,49,505000,0
2252,105,54,525000,0
2253,93,40,465000,0
2254,97,49,485000,0
2255,104,54,520000,0
2256,81,56,405000,0
2257,91,53,455000,0
2258,109,58,545000,0
2259,108,44,540000,0
2260,91,54,455000,0
2261,105,45,525000,0
2262,104,45,520000,0
2263,94,59,470000,0
2264,94,48,470000,0
2265,82,51,410000,0
2266,100,42,500000,0
2267,94,43,470000,0
2268,94,40,470000,0
2269,102,58,510000,0
2270,96,52,480000,0
2271,93,51,465000,0
2272,114,44,570000,0
2273,94,51,470000,0
2274,100,44,500000,0
2275,103,40,515000,0
2276,118,59,590000,0
2277,107,57,535000,0
2278,89,46,445000,0
2279,109,40,545000,0
2280,100,50,500000,0
2281,104,41,520000,0
2282,100,55,500000,0
2283,92,51,460000,0
2284,98,42,490000,0
2285,102,50,510000,0
2286,112,50,560000,0
2287,98,42,490000,0
2288,101,41,505000,0
2289,96,40,480000,0
2290,91,57,455000,0
2291,100,53,500000,0
2292,100,44,500000,0
2293,121,41,605000,0
2294,70,47,350000,0
2295,98,48,490000,0
2296,104,42,520000,0
2297,102,51,510000,0
2298,96,53,480000,0
2299,91,48,455000,0
2300,108,59,540000,0
2301,97,43,485000,0
2302,103,46,515000,0
2303,92,49,460000,0
2304,103,50,515000,0
2305,85,42,425000,0
2306,104,46,520000,0
2307,86,57,430000,0
2308,98,59,490000,0
2309,93,52,465000,0
2310,78,50,390000,0
2311,87,50,435000,0
2312,93,40,465000,0
2313,94,57,470000,0
2314,106,49,530000,0
2315,102,59,510000,0
2316,100,44,500000,0
2317,91,44,455000,0
2318,117,40,585000,0
2319,104,59,520000,0
2320,105,57,525000,0
2321,103,54,515000,0
2322,109,57,545000,0
2323,87,43,435000,0
2324,91,57,455000,0
2325,88,58,440000,0
2326,83,58,415000,0
2327,93,53,465000,0
2328,86,51,430000,0
2329,102,45,510000,0
2330,103,50,515000,0
2331,97,44,485000,0
2332,89,51,445000,0
2333,91,43,455000,0
2334,88,53,440000,0
2335,115,49,575000,0
2336,91,42,455000,0
2337,95,59,475000,0
2338,95,57,475000,0
2339,83,58,415000,0
2340,108,45,540000,0
2341,103,57,515000,0
2342,105,48,525000,0
2343,96,41,480000,0
2344,105,50,525000,0
2345,72,54,360000,0
2346,119,40,595000,0
2347,101,41,505000,0
2348,85,55,425000,0
2349,96,52,480000,0
2350,105,53,525000,0
2351,94,56,470000,0
2352,126,52,630000,0
2353,99,48,495000,0
2354,89,42,445000,0
2355,104,45,520000,0
2356,90,43,450000,0
2357,95,42,475000,0
2358,91,55,455000,0
2359,101,54,505000,0
2360,89,56,445000,0
2361,105,58,525000,0
2362,111,54,555000,0
2363,80,53,400000,0
2364,102,42,510000,0
2365,102,43,510000,0
2366,93,51,465000,0
2367,106,56,530000,0
2368,104,41,520000,0
2369,98,44,490000,0
2370,113,50,565000,0
2371,107,48,535000,0
2372,97,43,485000,0
2373,75,55,375000,0
2374,102,54,510000,0
2375,99,52,495000,0
2376,89,58,445000,0
2377,93,56,465000,0
2378,109,46,545000,0
2379,106,45,530000,0
2380,98,52,490000,0
2381,95,53,475000,0
2382,86,53,430000,0
2383,105,41,525000,0
2384,102,59,510000,0
2385,97,58,485000,0
2386,113,59,565000,0
2387,106,54,530000,0
2388,100,44,500000,0
2389,129,56,645000,0
2390,79,59,395000,0
2391,96,44,480000,0
2392,107,50,535000,0
2393,99,59,495000,0
2394,108,44,540000,0
2395,104,53,520000,0
2396,112,40,560000,0
2397,99,58,495000,0
2398,96,47,480000,0
2399,96,51,480000,0
2400,108,43,540000,0
2401,107,55,535000,0
2402,111,55,555000,0
2403,110,59,550000,0
2404,89,57,445000,0
2405,106,42,530000,0
2406,97,54,485000,0
2407,94,51,470000,0
2408,98,52,490000,0
2409,93,59,465000,0
2410,98,57,490000,0
2411,114,41,570000,0
2412,84,42,420000,0
2413,107,42,535000,0
2414,109,41,545000,0
2415,109,56,545000,0
2416,102,52,510000,0
2417,120,51,600000,0
2418,104,49,520000,0
2419,92,46,460000,0
2420,95,58,475000,0
2421,105,59,525000,0
2422,107,54,535000,0
2423,111,41,555000,0
2424,102,40,510000,0
2425,86,50,430000,0
2426,97,53,485000,0
2427,94,57,470000,0
2428,107,50,535000,0
2429,98,45,490000,0
2430,99,54,495000,0
2431,90,45,450000,0
2432,110,50,550000,0
2433,94,57,470000,0
2434,103,46,515000,0
2435,98,40,490000,0
2436,99,57,495000,0
2437,95,47,475000,0
2438,113,49,565000,0
2439,101,45,505000,0
2440,82,56,410000,0
2441,108,49,540000,0
2442,107,49,535000,0
2443,95,47,475000,0
2444,107,47,535000,0
2445,99,52,495000,0
2446,91,51,455000,0
2447,116,50,580000,0
2448,96,52,480000,0
2449,117,48,585000,0
2450,104,43,520000,0
2451,98,56,490000,0
2452,91,56,455000,0
2453,103,58,515000,0
2454,101,54,505000,0
2455,104,46,520000,0
2456,97,53,485000,0
2457,105,47,525000,0
2458,113,55,565000,0
2459,115,53,575000,0
2460,106,53,530000,0
2461,99,51,495000,0
2462,107,51,535000,0
2463,113,53,565000,0
2464,85,54,425000,0
2465,114,45,570000,0
2466,95,43,475000,0
2467,109,40,545000,0
2468,109,40,545000,0
2469,86,52,430000,0
2470,79,42,395000,0
2471,104,49,520000,0
2472,110,43,550000,0
2473,102,54,510000,0
2474,99,59,495000,0
2475,122,54,610000,0
2476,86,45,430000,0
2477,104,48,520000,0
2478,103,47,515000,0
2479,85,50,425000,0
2480,102,56,510000,0
2481,71,46,355000,0
2482,84,42,420000,0
2483,87,54,435000,0
2484,84,49,420000,0
2485,104,45,520000,0
2486,99,57,495000,0
2487,97,58,485000,0
2488,94,51,470000,0
2489,104,49,520000,0
2490,97,43,485000,0
2491,111,46,555000,0
2492,102,42,510000,0
2493,105,50,525000,0
2494,108,51,540000,0
2495,105,45,525000,0
2496,104,53,520000,0
2497,94,51,470000,0
2498,117,47,585000,0
2499,103,44,515000,0
2500,108,43,540000,0
2501,97,46,485000,0
2502,97,53,485000,0
2503,83,59,415000,0
2504,112,59,560000,0
2505,92,45,460000,0
2506,87,40,435000,0
2507,96,56,480000,0
2508,91,59,455000,0
2509,87,43,435000,0
2510,109,57,545000,0
2511,110,47,550000,0
2512,93,46,465000,0
2513,94,44,470000,0
2514,102,51,510000,0
2515,102,49,510000,0
2516,121,46,605000,0
2517,112,54,560000,0
2518,112,43,560000,0
2519,93,52,465000,0
2520,98,46,490000,0
2521,92,44,460000,0
2522,103,58,515000,0
2523,98,49,490000,0
2524,99,51,495000,0
2525,110,45,550000,0
2526,101,41,505000,0
2527,90,42,450000,0
2528,113,56,565000,0
2529,110,57,550000,0
2530,108,52,540000,0
2531,106,56,530000,0
2532,103,49,515000,0
2533,103,54,515000,0
2534,99,44,495000,0
2535,108,46,540000,0
2536,85,58,425000,0
2537,91,57,455000,0
2538,106,59,530000,0
2539,97,44,485000,0
2540,119,41,595000,0
2541,97,56,485000,0
2542,88,58,440000,0
2543,90,48,450000,0
2544,100,53,500000,0
2545,93,59,465000,0
2546,104,53,520000,0
2547,96,52,480000,0
2548,113,50,565000,0
2549,106,43,530000,0
2550,111,43,555000,0
2551,104,55,520000,0
2552,96,48,480000,0
2553,110,52,550000,0
2554,96,40,480000,0
2555,107,55,535000,0
2556,82,47,410000,0
2557,91,41,455000,0
2558,107,55,535000,0
2559,104,58,520000,0
2560,102,57,510000,0
2561,100,45,500000,0
2562,99,42,495000,0
2563,95,56,475000,0
2564,90,57,450000,0
2565,102,52,510000,0
2566,90,46,450000,0
2567,96,54,480000,0
2568,110,41,550000,0
2569,85,50,425000,0
2570,117,55,585000,0
2571,99,48,495000,0
2572,110,59,550000,0
2573,104,45,520000,0
2574,101,40,505000,0
2575,88,46,440000,0
2576,92,55,460000,0
2577,83,56,415000,0
2578,98,44,490000,0
2579,87,41,435000,0
2580,93,43,465000,0
2581,99,42,495000,0
2582,104,49,520000,0
2583,102,41,510000,0
2584,88,52,440000,0
2585,96,40,480000,0
2586,88,50,440000,0
2587,87,51,435000,0
2588,91,55,455000,0
2589,100,49,500000,0
2590,95,50,475000,0
2591,124,51,620000,0
2592,99,40,495000,0
2593,90,55,450000,0
2594,104,49,520000,0
2595,102,55,510000,0
2596,97,41,485000,0
2597,98,42,490000,0
2598,84,58,420000,0
2599,100,43,500000,0
2600,113,42,565000,0
2601,91,45,455000,0
2602,96,56,480000,0
2603,104,42,520000,0
2604,88,41,440000,0
2605,87,49,435000,0
2606,80,44,400000,0
2607,97,48,485000,0
2608,82,57,410000,0
2609,97,57,485000,0
2610,107,47,535000,0
2611,91,49,455000,0
2612,105,57,525000,0
2613,111,51,555000,0
2614,95,54,475000,0
2615,97,59,485000,0
2616,100,44,500000,0
2617,96,49,480000,0
2618,89,50,445000,0
2619,121,41,605000,0
2620,109,43,545000,0
2621,104,45,520000,0
2622,84,59,420000,0
2623,107,50,535000,0
2624,97,54,485000,0
2625,121,44,605000,0
2626,76,56,380000,0
2627,107,40,535000,0
2628,93,43,465000,0
2629,102,40,510000,0
2630,113,41,565000,0
2631,95,55,475000,0
2632,95,40,475000,0
2633,108,43,540000,0
2634,87,59,435000,0
2635,127,53,635000,0
2636,91,41,455000,0
2637,85,44,425000,0
2638,89,53,445000,0
2639,96,50,480000,0
2640,89,49,445000,0
2641,120,49,600000,0
2642,105,58,525000,0
2643,107,51,535000,0
2644,89,50,445000,0
2645,106,51,530000,0
2646,103,53,515000,0
2647,93,46,465000,0
2648,94,54,470000,0
2649,92,46,460000,0
2650,84,56,420000,0
2651,90,45,450000,0
2652,111,52,555000,0
2653,99,46,495000,0
2654,95,44,475000,0
2655,88,57,440000,0
2656,93,58,465000,0
2657,90,48,450000,0
2658,86,47,430000,0
2659,119,42,595000,0
2660,96,56,480000,0
2661,77,45,385000,0
2662,97,53,485000,0
2663,95,52,475000,0
2664,104,46,520000,0
2665,94,40,470000,0
2666,96,41,480000,0
2667,117,54,585000,0
2668,107,48,535000,0
2669,109,47,545000,0
2670,103,56,515000,0
2671,82,43,410000,0
2672,100,47,500000,0
2673,90,54,450000,0
2674,80,49,400000,0
2675,106,56,530000,0
2676,110,56,550000,0
2677,109,53,545000,0
2678,101,59,505000,0
2679,100,40,500000,0
2680,95,58,475000,0
2681,103,46,515000,0
2682,97,56,485000,0
2683,117,58,585000,0
2684,106,54,530000,0
2685,87,40,435000,0
2686,103,55,515000,0
2687,91,44,455000,0
2688,95,59,475000,0
2689,120,45,600000,0
2690,101,41,505000,0
2691,106,40,530000,0
2692,100,53,500000,0
2693,97,50,485000,0
2694,121,46,605000,0
2695,112,49,560000,0
2696,97,55,485000,0
2697,101,44,505000,0
2698,95,54,475000,0
2699,104,42,520000,0
2700,95,55,475000,0
2701,120,45,600000,0
2702,109,42,545000,0
2703,117,49,585000,0
2704,106,44,530000,0
2705,109,59,545000,0
2706,89,58,445000,0
2707,112,44,560000,0
2708,103,52,515000,0
2709,112,51,560000,0
2710,115,47,575000,0
2711,106,52,530000,0
2712,99,40,495000,0
2713,112,40,560000,0
2714,92,52,460000,0
2715,96,53,480000,0
2716,87,58,435000,0
2717,82,55,410000,0
2718,113,45,565000,0
2719,114,59,570000,0
2720,91,51,455000,0
2721,123,43,615000,0
2722,93,44,465000,0
2723,105,50,525000,0
2724,91,52,455000,0
2725,105,44,525000,0
2726,108,51,540000,0
2727,117,46,585000,0
2728,106,45,530000,0
2729,88,54,440000,0
2730,97,54,485000,0
2731,112,56,560000,0
2732,110,56,550000,0
2733,119,52,595000,0
2734,104,56,520000,0
2735,88,40,440000,0
2736,102,58,510000,0
2737,111,51,555000,0
2738,116,50,580000,0
2739,85,47,425000,0
2740,96,53,480000,0
2741,106,58,530000,0
2742,75,44,375000,0
2743,81,40,405000,0
2744,98,51,490000,0
2745,100,46,500000,0
2746,103,50,515000,0
2747,108,40,540000,0
2748,101,59,505000,0
2749,76,59,380000,0
2750,96,46,480000,0
2751,98,56,490000,0
2752,111,52,555000,0
2753,92,51,460000,0
2754,96,58,480000,0
2755,112,42,560000,0
2756,95,45,475000,0
2757,97,59,485000,0
2758,83,52,415000,0
2759,107,42,535000,0
2760,82,50,410000,0
2761,87,50,435000,0
2762,111,46,555000,0
2763,117,50,585000,0
2764,123,45,615000,0
2765,101,55,505000,0
2766,96,47,480000,0
2767,89,43,445000,0
2768,112,57,560000,0
2769,88,50,440000,0
2770,83,52,415000,0
2771,90,41,450000,0
2772,90,45,450000,0
2773,106,42,530000,0
2774,100,50,500000,0
2775,88,51,440000,0
2776,88,44,440000,0
2777,90,48,450000,0
2778,99,48,495000,0
2779,104,54,520000,0
2780,86,59,430000,0
2781,81,55,405000,0
2782,102,43,510000,0
2783,94,54,470000,0
2784,89,55,445000,0
2785,117,59,585000,0
2786,102,55,510000,0
2787,129,52,645000,0
2788,83,50,415000,0
2789,87,40,435000,0
2790,101,50,505000,0
2791,119,48,595000,0
2792,90,52,450000,0
2793,88,47,440000,0
2794,101,54,505000,0
2795,117,47,585000,0
2796,105,52,525000,0
2797,95,54,475000,0
2798,101,54,505000,0
2799,98,42,490000,0
2800,103,41,515000,0
2801,104,59,520000,0
2802,99,44,495000,0
2803,105,53,525000,0
2804,93,51,465000,0
2805,93,47,465000,0
2806,96,59,480000,0
2807,95,40,475000,0
2808,93,48,465000,0
2809,84,50,420000,0
2810,85,51,425000,0
2811,111,44,555000,0
2812,111,43,555000,0
2813,106,45,530000,0
2814,85,54,425000,0
2815,103,43,515000,0
2816,81,53,405000,0
2817,104,53,520000,0
2818,99,56,495000,0
2819,86,44,430000,0
2820,116,51,580000,0
2821,93,49,465000,0
2822,92,52,460000,0
2823,126,43,630000,0
2824,116,44,580000,0
2825,85,56,425000,0
2826,94,58,470000,0
2827,87,57,435000,0
2828,100,50,500000,0
2829,99,59,495000,0
2830,109,55,545000,0
2831,105,53,525000,0
2832,100,53,500000,0
2833,98,45,490000,0
2834,99,54,495000,0
2835,100,57,500000,0
2836,91,42,455000,0
2837,97,59,485000,0
2838,90,56,450000,0
2839,81,55,405000,0
2840,101,57,505000,0
2841,124,44,620000,0
2842,114,58,570000,0
2843,107,54,535000,0
2844,103,57,515000,0
2845,97,45,485000,0
2846,82,52,410000,0
2847,91,51,455000,0
2848,91,53,455000,0
2849,96,53,480000,0
2850,94,47,470000,0
2851,101,58,505000,0
2852,103,53,515000,0
2853,102,55,510000,0
2854,101,55,505000,0
2855,70,57,350000,0
2856,102,41,510000,0
2857,86,53,430000,0
2858,97,43,485000,0
2859,117,56,585000,0
2860,104,51,520000,0
2861,89,42,445000,0
2862,93,41,465000,0
2863,106,42,530000,0
2864,97,57,485000,0
2865,110,43,550000,0
2866,107,58,535000,0
2867,108,54,540000,0
2868,88,53,440000,0
2869,91,44,455000,0
2870,102,43,510000,0
2871,111,50,555000,0
2872,97,47,485000,0
2873,93,56,465000,0
2874,108,42,540000,0
2875,91,50,455000,0
2876,99,56,495000,0
2877,96,49,480000,0
2878,93,54,465000,0
2879,112,51,560000,0
2880,107,46,535000,0
2881,105,52,525000,0
2882,110,52,550000,0
2883,111,42,555000,0
2884,88,51,440000,0
2885,81,57,405000,0
2886,94,55,470000,0
2887,121,43,605000,0
2888,93,55,465000,0
2889,89,44,445000,0
2890,97,49,485000,0
2891,91,40,455000,0
2892,87,53,435000,0
2893,86,49,430000,0
2894,110,45,550000,0
2895,98,45,490000,0
2896,81,40,405000,0
2897,87,54,435000,0
2898,109,46,545000,0
2899,98,48,490000,0
2900,103,52,515000,0
2901,84,49,420000,0
2902,86,45,430000,0
2903,110,50,550000,0
2904,96,40,480000,0
2905,99,43,495000,0
2906,76,52,380000,0
2907,100,45,500000,0
2908,101,47,505000,0
2909,123,46,615000,0
2910,96,55,480000,0
2911,116,44,580000,0
2912,116,57,580000,0
2913,89,58,445000,0
2914,102,44,510000,0
2915,92,40,460000,0
2916,101,52,505000,0
2917,112,55,560000,0
2918,111,40,555000,0
2919,110,50,550000,0
2920,98,42,490000,0
2921,92,51,460000,0
2922,99,43,495000,0
2923,99,59,495000,0
2924,88,44,440000,0
2925,96,46,480000,0
2926,106,57,530000,0
2927,100,45,500000,0
2928,90,52,450000,0
2929,104,52,520000,0
2930,102,48,510000,0
2931,101,40,505000,0
2932,104,45,520000,0
2933,109,54,545000,0
2934,78,48,390000,0
2935,111,53,555000,0
2936,109,41,545000,0
2937,99,47,495000,0
2938,105,43,525000,0
2939,101,44,505000,0
2940,107,44,535000,0
2941,118,47,590000,0
2942,97,47,485000,0
2943,96,57,480000,0
2944,91,56,455000,0
2945,76,49,380000,0
2946,105,54,525000,0
2947,94,52,470000,0
2948,109,45,545000,0
2949,102,55,510000,0
2950,103,49,515000,0
2951,90,42,450000,0
2952,107,57,535000,0
2953,92,52,460000,0
2954,104,46,520000,0
2955,99,40,495000,0
2956,89,41,445000,0
2957,107,51,535000,0
2958,93,57,465000,0
2959,101,54,505000,0
2960,106,43,530000,0
2961,107,53,535000,0
2962,102,42,510000,0
2963,90,56,450000,0
2964,89,41,445000,0
2965,96,49,480000,0
2966,95,52,475000,0
2967,85,42,425000,0
2968,92,49,460000,0
2969,99,50,495000,0
2970,108,42,540000,0
2971,105,44,525000,0
2972,106,48,530000,0
2973,95,55,475000,0
2974,94,54,470000,0
2975,100,51,500000,0
2976,92,46,460000,0
2977,101,53,505000,0
2978,110,51,550000,0
2979,110,54,550000,0
2980,92,42,460000,0
2981,87,52,435000,0
2982,106,51,530000,0
2983,102,47,510000,0
2984,94,43,470000,0
2985,98,58,490000,0
2986,86,43,430000,0
2987,96,40,480000,0
2988,100,40,500000,0
2989,101,52,505000,0
2990,88,45,440000,0
2991,103,41,515000,0
2992,98,59,490000,0
2993,98,54,490000,0
2994,78,44,390000,0
2995,99,44,495000,0
2996,103,50,515000,0
2997,102,50,510000,0
2998,112,45,560000,0
2999,118,47,590000,0
3000,100,57,500000,0
3001,103,43,515000,0
3002,104,42,520000,0
3003,96,43,480000,0
3004,94,54,470000,0
3005,103,41,515000,0
3006,99,49,495000,0
3007,99,58,495000,0
3008,108,55,540000,0
3009,94,45,470000,0
3010,108,59,540000,0
3011,80,41,400000,0
3012,117,59,585000,0
3013,98,59,490000,0
3014,108,44,540000,0
3015,119,46,595000,0
3016,102,48,510000,0
3017,113,57,565000,0
3018,116,46,580000,0
3019,98,40,490000,0
3020,99,56,495000,0
3021,112,56,560000,0
3022,106,45,530000,0
3023,114,45,570000,0
3024,98,57,490000,0
3025,99,43,495000,0
3026,105,55,525000,0
3027,103,59,515000,0
3028,98,46,490000,0
3029,116,56,580000,0
3030,99,43,495000,0
3031,100,58,500000,0
3032,110,45,550000,0
3033,92,57,460000,0
3034,84,42,420000,0
3035,99,56,495000,0
3036,107,55,535000,0
3037,104,52,520000,0
3038,93,58,465000,0
3039,93,48,465000,0
3040,116,51,580000,0
3041,79,49,395000,0
3042,102,58,510000,0
3043,95,50,475000,0
3044,103,53,515000,0
3045,95,58,475000,0
3046,99,54,495000,0
3047,105,50,525000,0
3048,108,58,540000,0
3049,95,46,475000,0
3050,105,45,525000,0
3051,88,58,440000,0
3052,116,54,580000,0
3053,106,50,530000,0
3054,82,49,410000,0
3055,91,46,455000,0
3056,91,54,455000,0
3057,92,55,460000,0
3058,88,46,440000,0
3059,99,59,495000,0
3060,108,56,540000,0
3061,111,44,555000,0
3062,108,52,540000,0
3063,111,47,555000,0
3064,110,44,550000,0
3065,100,48,500000,0
3066,104,42,520000,0
3067,85,42,425000,0
3068,104,58,520000,0
3069,108,51,540000,0
3070,108,41,540000,0
3071,110,56,550000,0
3072,101,53,505000,0
3073,96,44,480000,0
3074,84,41,420000,0
3075,96,51,480000,0
3076,99,54,495000,0
3077,105,43,525000,0
3078,102,50,510000,0
3079,92,54,460000,0
3080,112,59,560000,0
3081,95,55,475000,0
3082,107,53,535000,0
3083,106,45,530000,0
3084,127,49,635000,0
3085,80,43,400000,0
3086,108,43,540000,0
3087,91,55,455000,0
3088,81,41,405000,0
3089,117,49,585000,0
3090,93,57,465000,0
3091,110,54,550000,0
3092,113,53,565000,0
3093,93,56,465000,0
3094,115,55,575000,0
3095,107,50,535000,0
3096,102,47,510000,0
3097,106,55,530000,0
3098,96,56,480000,0
3099,104,42,520000,0
3100,95,57,475000,0
3101,78,56,390000,0
3102,107,41,535000,0
3103,96,56,480000,0
3104,95,42,475000,0
3105,102,43,510000,0
3106,90,41,450000,0
3107,90,49,450000,0
3108,112,46,560000,0
3109,94,51,470000,0
3110,116,51,580000,0
3111,91,45,455000,0
3112,99,49,495000,0
3113,108,41,540000,0
3114,93,44,465000,0
3115,91,59,455000,0
3116,91,43,455000,0
3117,107,58,535000,0
3118,94,40,470000,0
3119,96,42,480000,0
3120,89,42,445000,0
3121,106,58,530000,0
3122,89,43,445000,0
3123,122,43,610000,0
3124,111,45,555000,0
3125,104,43,520000,0
3126,88,42,440000,0
3127,86,46,430000,0
3128,99,57,495000,0
3129,113,44,565000,0
3130,97,53,485000,0
3131,86,52,430000,0
3132,97,50,485000,0
3133,105,54,525000,0
3134,97,52,485000,0
3135,99,57,495000,0
3136,93,46,465000,0
3137,111,40,555000,0
3138,94,54,470000,0
3139,109,56,545000,0
3140,111,51,555000,0
3141,105,53,525000,0
3142,102,47,510000,0
3143,109,43,545000,0
3144,119,51,595000,0
3145,102,49,510000,0
3146,94,55,470000,0
3147,100,44,500000,0
3148,88,46,440000,0
3149,99,55,495000,0
3150,119,48,595000,0
3151,103,49,515000,0
3152,95,52,475000,0
3153,94,58,470000,0
3154,105,47,525000,0
3155,91,58,455000,0
3156,102,45,510000,0
3157,99,43,495000,0
3158,106,53,530000,0
3159,96,42,480000,0
3160,114,53,570000,0
3161,120,44,600000,0
3162,102,48,510000,0
3163,107,43,535000,0
3164,89,53,445000,0
3165,79,55,395000,0
3166,102,57,510000,0
3167,88,54,440000,0
3168,96,42,480000,0
3169,112,56,560000,0
3170,87,40,435000,0
3171,94,48,470000,0
3172,104,52,520000,0
3173,88,52,440000,0
3174,109,52,545000,0
3175,85,58,425000,0
3176,107,52,535000,0
3177,87,54,435000,0
3178,96,45,480000,0
3179,98,45,490000,0
3180,95,51,475000,0
3181,103,49,515000,0
3182,113,48,565000,0
3183,116,40,580000,0
3184,105,40,525000,0
3185,109,44,545000,0
3186,120,40,600000,0
3187,90,59,450000,0
3188,106,58,530000,0
3189,104,54,520000,0
3190,108,51,540000,0
3191,91,44,455000,0
3192,96,40,480000,0
3193,96,58,480000,0
3194,106,45,530000,0
3195,97,52,485000,0
3196,105,57,525000,0
3197,105,54,525000,0
3198,93,42,465000,0
3199,99,46,495000,0
3200,94,45,470000,0
3201,103,47,515000,0
3202,123,43,615000,0
3203,97,57,485000,0
3204,98,41,490000,0
3205,69,49,345000,0
3206,103,53,515000,0
3207,102,44,510000,0
3208,103,49,515000,0
3209,84,58,420000,0
3210,105,57,525000,0
3211,101,47,505000,0
3212,106,51,530000,0
3213,91,49,455000,0
3214,89,41,445000,0
3215,113,51,565000,0
3216,95,55,475000,0
3217,94,41,470000,0
3218,116,48,580000,0
3219,89,56,445000,0
3220,96,51,480000,0
3221,85,50,425000,0
3222,97,56,485000,0
3223,96,52,480000,0
3224,106,59,530000,0
3225,106,51,530000,0
3226,95,53,475000,0
3227,80,51,400000,0
3228,108,40,540000,0
3229,98,42,490000,0
3230,97,48,485000,0
3231,94,57,470000,0
3232,89,58,445000,0
3233,108,58,540000,0
3234,93,45,465000,0
3235,101,49,505000,0
3236,108,56,540000,0
3237,100,44,500000,0
3238,108,57,540000,0
3239,98,57,490000,0
3240,106,56,530000,0
3241,108,45,540000,0
3242,101,51,505000,0
3243,94,48,470000,0
3244,96,51,480000,0
3245,94,44,470000,0
3246,105,49,525000,0
3247,92,45,460000,0
3248,105,43,525000,0
3249,112,51,560000,0
3250,105,50,525000,0
3251,101,51,505000,0
3252,96,45,480000,0
3253,98,47,490000,0
3254,94,45,470000,0
3255,104,57,520000,0
3256,98,47,490000,0
3257,112,49,560000,0
3258,108,47,540000,0
3259,98,56,490000,0
3260,102,53,510000,0
3261,114,44,570000,0
3262,105,43,525000,0
3263,115,55,575000,0
3264,118,52,590000,0
3265,108,44,540000,0
3266,101,44,505000,0
3267,96,52,480000,0
3268,114,42,570000,0
3269,96,49,480000,0
3270,81,52,405000,0
3271,96,56,480000,0
3272,105,53,525000,0
3273,106,53,530000,0
3274,98,55,490000,0
3275,110,42,550000,0
3276,113,59,565000,0
3277,103,55,515000,0
3278,91,48,455000,0
3279,98,47,490000,0
3280,108,45,540000,0
3281,72,55,360000,0
3282,101,45,505000,0
3283,97,45,485000,0
3284,104,41,520000,0
3285,87,45,435000,0
3286,108,48,540000,0
3287,100,40,500000,0
3288,94,43,470000,0
3289,112,42,560000,0
3290,101,54,505000,0
3291,99,51,495000,0
3292,95,50,475000,0
3293,103,54,515000,0
3294,95,52,475000,0
3295,105,51,525000,0
3296,99,48,495000,0
3297,99,43,495000,0
3298,101,48,505000,0
3299,80,56,400000,0
3300,94,40,470000,0
3301,89,47,445000,0
3302,101,59,505000,0
3303,99,51,495000,0
3304,100,56,500000,0
3305,100,43,500000,0
3306,92,55,460000,0
3307,96,52,480000,0
3308,98,48,490000,0
3309,107,53,535000,0
3310,94,55,470000,0
3311,98,51,490000,0
3312,102,48,510000,0
3313,113,41,565000,0
3314,124,46,620000,0
3315,74,50,370000,0
3316,116,55,580000,0
3317,91,57,455000,0
3318,104,47,520000,0
3319,111,54,555000,0
3320,116,51,580000,0
3321,107,54,535000,0
3322,103,56,515000,0
3323,95,59,475000,0
3324,102,58,510000,0
3325,88,58,440000,0
3326,112,47,560000,0
3327,97,54,485000,0
3328,98,48,490000,0
3329,104,57,520000,0
3330,109,56,545000,0
3331,95,49,475000,0
3332,120,40,600000,0
3333,104,44,520000,0
3334,104,54,520000,0
3335,95,44,475000,0
3336,81,52,405000,0
3337,113,42,565000,0
3338,105,53,525000,0
3339,96,50,480000,0
3340,108,51,540000,0
3341,121,52,605000,0
3342,104,47,520000,0
3343,92,51,460000,0
3344,107,45,535000,0
3345,113,41,565000,0
3346,102,49,510000,0
3347,95,55,475000,0
3348,106,56,530000,0
3349,107,45,535000,0
3350,93,41,465000,0
3351,93,50,465000,0
3352,114,47,570000,0
3353,112,42,560000,0
3354,85,42,425000,0
3355,107,49,535000,0
3356,86,44,430000,0
3357,103,49,515000,0
3358,114,43,570000,0
3359,84,51,420000,0
3360,98,40,490000,0
3361,98,46,490000,0
3362,113,57,565000,0
3363,89,50,445000,0
3364,110,44,550000,0
3365,97,45,485000,0
3366,97,45,485000,0
3367,123,42,615000,0
3368,108,59,540000,0
3369,102,57,510000,0
3370,95,45,475000,0
3371,109,42,545000,0
3372,99,52,495000,0
3373,107,53,535000,0
3374,103,48,515000,0
3375,107,42,535000,0
3376,92,40,460000,0
3377,108,53,540000,0
3378,107,42,535000,0
3379,102,59,510000,0
3380,97,57,485000,0
3381,101,52,505000,0
3382,98,48,490000,0
3383,106,48,530000,0
3384,103,47,515000,0
3385,106,50,530000,0
3386,92,51,460000,0
3387,108,55,540000,0
3388,110,46,550000,0
3389,115,47,575000,0
3390,93,44,465000,0
3391,90,45,450000,0
3392,108,45,540000,0
3393,119,44,595000,0
3394,106,54,530000,0
3395,100,41,500000,0
3396,94,50,470000,0
3397,66,41,330000,0
3398,95,43,475000,0
3399,93,51,465000,0
3400,102,46,510000,0
3401,92,48,460000,0
3402,109,44,545000,0
3403,101,57,505000,0
3404,103,59,515000,0
3405,88,56,440000,0
3406,119,52,595000,0
3407,86,56,430000,0
3408,97,40,485000,0
3409,89,41,445000,0
3410,108,55,540000,0
3411,90,56,450000,0
3412,98,42,490000,0
3413,108,59,540000,0
3414,104,56,520000,0
3415,98,45,490000,0
3416,99,58,495000,0
3417,106,46,530000,0
3418,97,53,485000,0
3419,88,57,440000,0
3420,94,59,470000,0
3421,107,45,535000,0
3422,91,48,455000,0
3423,99,45,495000,0
3424,114,55,570000,0
3425,103,45,515000,0
3426,83,43,415000,0
3427,92,47,460000,0
3428,102,52,510000,0
3429,85,42,425000,0
3430,120,58,600000,0
3431,105,54,525000,0
3432,96,47,480000,0
3433,90,55,450000,0
3434,74,48,370000,0
3435,114,48,570000,0
3436,95,40,475000,0
3437,88,58,440000,0
3438,111,40,555000,0
3439,129,57,645000,0
3440,87,43,435000,0
3441,100,54,500000,0
3442,95,54,475000,0
3443,112,46,560000,0
3444,76,58,380000,0
3445,114,50,570000,0
3446,112,43,560000,0
3447,129,50,645000,0
3448,107,49,535000,0
3449,100,41,500000,0
3450,89,50,445000,0
3451,102,43,510000,0
3452,106,46,530000,0
3453,101,48,505000,0
3454,101,59,505000,0
3455,84,46,420000,0
3456,84,48,420000,0
3457,91,55,455000,0
3458,104,43,520000,0
3459,110,46,550000,0
3460,94,53,470000,0
3461,103,47,515000,0
3462,76,51,380000,0
3463,101,46,505000,0
3464,117,48,585000,0
3465,84,43,420000,0
3466,117,42,585000,0
3467,93,50,465000,0
3468,101,47,505000,0
3469,109,57,545000,0
3470,100,43,500000,0
3471,87,55,435000,0
3472,78,54,390000,0
3473,98,46,490000,0
3474,113,41,565000,0
3475,138,49,690000,0
3476,95,55,475000,0
3477,101,41,505000,0
3478,81,40,405000,0
3479,104,47,520000,0
3480,82,53,410000,0
3481,89,46,445000,0
3482,75,53,375000,0
3483,102,40,510000,0
3484,111,57,555000,0
3485,98,41,490000,0
3486,113,46,565000,0
3487,105,45,525000,0
3488,110,54,550000,0
3489,98,49,490000,0
3490,93,45,465000,0
3491,99,45,495000,0
3492,83,48,415000,0
3493,92,49,460000,0
3494,109,42,545000,0
3495,104,43,520000,0
3496,113,51,565000,0
3497,95,47,475000,0
3498,91,44,455000,0
3499,89,46,445000,0
3500,109,45,545000,0
3501,102,56,510000,0
3502,103,40,515000,0
3503,107,54,535000,0
3504,92,54,460000,0
3505,105,57,525000,0
3506,116,41,580000,0
3507,91,49,455000,0
3508,73,51,365000,0
3509,105,54,525000,0
3510,116,46,580000,0
3511,84,51,420000,0
3512,93,52,465000,0
3513,93,49,465000,0
3514,97,52,485000,0
3515,85,40,425000,0
3516,93,46,465000,0
3517,114,41,570000,0
3518,102,57,510000,0
3519,90,43,450000,0
3520,95,46,475000,0
3521,101,43,505000,0
3522,90,47,450000,0
3523,74,57,370000,0
3524,87,55,435000,0
3525,95,49,475000,0
3526,87,49,435000,0
3527,106,54,530000,0
3528,110,40,550000,0
3529,98,43,490000,0
3530,102,59,510000,0
3531,96,49,480000,0
3532,93,49,465000,0
3533,90,43,450000,0
3534,93,57,465000,0
3535,117,49,585000,0
3536,102,55,510000,0
3537,101,48,505000,0
3538,104,56,520000,0
3539,85,50,425000,0
3540,98,42,490000,0
3541,117,56,585000,0
3542,107,44,535000,0
3543,106,43,530000,0
3544,94,44,470000,0
3545,115,52,575000,0
3546,93,50,465000,0
3547,90,59,450000,0
3548,108,53,540000,0
3549,98,47,490000,0
3550,94,46,470000,0
3551,85,57,425000,0
3552,98,43,490000,0
3553,91,49,455000,0
3554,99,42,495000,0
3555,100,46,500000,0
3556,106,57,530000,0
3557,90,44,450000,0
3558,109,42,545000,0
3559,109,58,545000,0
3560,100,53,500000,0
3561,101,53,505000,0
3562,97,48,485000,0
3563,92,51,460000,0
3564,81,47,405000,0
3565,97,51,485000,0
3566,100,52,500000,0
3567,87,56,435000,0
3568,104,45,520000,0
3569,109,55,545000,0
3570,97,48,485000,0
3571,90,44,450000,0
3572,95,40,475000,0
3573,110,56,550000,0
3574,115,57,575000,0
3575,110,41,550000,0
3576,102,56,510000,0
3577,109,45,545000,0
3578,114,57,570000,0
3579,99,41,495000,0
3580,93,54,465000,0
3581,84,43,420000,0
3582,100,51,500000,0
3583,103,46,515000,0
3584,94,51,470000,0
3585,76,41,380000,0
3586,97,54,485000,0
3587,102,42,510000,0
3588,79,50,395000,0
3589,108,42,540000,0
3590,105,45,525000,0
3591,113,57,565000,0
3592,95,56,475000,0
3593,100,44,500000,0
3594,87,55,435000,0
3595,86,42,430000,0
3596,95,57,475000,0
3597,99,48,495000,0
3598,100,53,500000,0
3599,97,54,485000,0
